alcohol;chlorides;citric acid;density;fixed acidity;free sulfur dioxide;pH;quality;residual sugar;sulphates;total sulfur dioxide;volatile acidity
9.4;0.076;0.0;0.9978;7.4;11.0;3.51;0.0;1.9;0.56;34.0;0.7
9.8;0.098;0.0;0.9968;7.8;25.0;3.2;0.0;2.6;0.68;67.0;0.88
9.8;0.092;0.04;0.997;7.8;15.0;3.26;0.0;2.3;0.65;54.0;0.76
9.8;0.075;0.56;0.998;11.2;17.0;3.16;1.0;1.9;0.58;60.0;0.28
9.4;0.076;0.0;0.9978;7.4;11.0;3.51;0.0;1.9;0.56;34.0;0.7
9.4;0.075;0.0;0.9978;7.4;13.0;3.51;0.0;1.8;0.56;40.0;0.66
9.4;0.069;0.06;0.9964;7.9;15.0;3.3;0.0;1.6;0.46;59.0;0.6
10.0;0.065;0.0;0.9946;7.3;15.0;3.39;1.0;1.2;0.47;21.0;0.65
9.5;0.073;0.02;0.9968;7.8;9.0;3.36;1.0;2.0;0.57;18.0;0.58
10.5;0.071;0.36;0.9978;7.5;17.0;3.35;0.0;6.1;0.8;102.0;0.5
9.2;0.097;0.08;0.9959;6.7;15.0;3.28;0.0;1.8;0.54;65.0;0.58
10.5;0.071;0.36;0.9978;7.5;17.0;3.35;0.0;6.1;0.8;102.0;0.5
9.9;0.089;0.0;0.9943;5.6;16.0;3.58;0.0;1.6;0.52;59.0;0.615
9.1;0.114;0.29;0.9974;7.8;9.0;3.26;0.0;1.6;1.56;29.0;0.61
9.2;0.176;0.18;0.9986;8.9;52.0;3.16;0.0;3.8;0.88;145.0;0.62
9.2;0.17;0.19;0.9986;8.9;51.0;3.17;0.0;3.9;0.93;148.0;0.62
10.5;0.092;0.56;0.9969;8.5;35.0;3.3;1.0;1.8;0.75;103.0;0.28
9.3;0.368;0.28;0.9968;8.1;16.0;3.11;0.0;1.7;1.28;56.0;0.56
9.0;0.086;0.08;0.9974;7.4;6.0;3.38;0.0;4.4;0.5;29.0;0.59
9.2;0.341;0.51;0.9969;7.9;17.0;3.04;1.0;1.8;1.08;56.0;0.32
9.4;0.077;0.48;0.9968;8.9;29.0;3.39;1.0;1.8;0.53;60.0;0.22
9.7;0.082;0.31;0.9982;7.6;23.0;3.52;0.0;2.3;0.65;71.0;0.39
9.5;0.106;0.21;0.9966;7.9;10.0;3.17;0.0;1.6;0.91;37.0;0.43
9.4;0.084;0.11;0.9968;8.5;9.0;3.17;0.0;2.3;0.53;67.0;0.49
9.7;0.085;0.14;0.9968;6.9;21.0;3.43;1.0;2.4;0.63;40.0;0.4
9.3;0.08;0.16;0.9955;6.3;11.0;3.34;0.0;1.4;0.56;23.0;0.39
9.5;0.08;0.24;0.9962;7.6;4.0;3.28;0.0;1.8;0.59;11.0;0.41
9.5;0.106;0.21;0.9966;7.9;10.0;3.17;0.0;1.6;0.91;37.0;0.43
9.4;0.08;0.0;0.9972;7.1;14.0;3.47;0.0;1.9;0.55;35.0;0.71
9.8;0.082;0.0;0.9964;7.8;8.0;3.38;1.0;2.0;0.59;16.0;0.645
10.1;0.089;0.07;0.9958;6.7;17.0;3.35;0.0;2.4;0.54;82.0;0.675
10.6;0.105;0.0;0.9966;6.9;22.0;3.46;1.0;2.5;0.57;37.0;0.685
9.8;0.083;0.12;0.9966;8.3;15.0;3.17;0.0;2.3;0.66;113.0;0.655
9.4;0.073;0.12;0.9993;6.9;40.0;3.45;1.0;10.7;0.52;83.0;0.605
9.2;0.103;0.25;0.9957;5.2;13.0;3.38;0.0;1.8;0.55;50.0;0.32
9.6;0.086;0.0;0.9986;7.8;5.0;3.4;1.0;5.5;0.55;18.0;0.645
10.8;0.086;0.14;0.9975;7.8;3.0;3.42;1.0;2.4;0.6;15.0;0.6
9.7;0.066;0.28;0.9968;8.1;13.0;3.23;1.0;2.1;0.73;30.0;0.38
9.8;0.172;0.09;0.994;5.7;7.0;3.5;0.0;1.5;0.48;19.0;1.13
10.5;0.074;0.36;0.9978;7.3;12.0;3.33;0.0;5.9;0.83;87.0;0.45
10.5;0.074;0.36;0.9978;7.3;12.0;3.33;0.0;5.9;0.83;87.0;0.45
9.3;0.088;0.3;0.9976;8.8;17.0;3.26;0.0;2.8;0.51;46.0;0.61
10.5;0.332;0.2;0.9968;7.5;8.0;3.21;1.0;2.6;0.9;14.0;0.49
10.3;0.069;0.22;0.9968;8.1;9.0;3.3;0.0;2.2;1.2;23.0;0.66
9.5;0.05;0.02;0.9962;6.8;5.0;3.48;0.0;1.8;0.52;11.0;0.67
13.1;0.054;0.15;0.9934;4.6;8.0;3.9;0.0;2.1;0.56;65.0;0.52
9.2;0.114;0.43;0.997;7.7;22.0;3.25;0.0;2.2;0.73;114.0;0.935
9.5;0.113;0.52;0.9969;8.7;12.0;3.25;0.0;1.6;0.58;37.0;0.29
9.2;0.066;0.23;0.9958;6.4;5.0;3.34;0.0;1.6;0.56;12.0;0.4
9.2;0.074;0.37;0.9954;5.6;12.0;3.32;0.0;1.4;0.58;96.0;0.31
9.2;0.074;0.26;0.9971;8.8;4.0;3.15;0.0;1.7;0.74;23.0;0.66
9.4;0.069;0.04;0.9956;6.6;8.0;3.4;1.0;2.2;0.63;15.0;0.52
9.4;0.068;0.04;0.9955;6.6;6.0;3.39;1.0;2.1;0.64;14.0;0.5
9.4;0.081;0.36;0.997;8.6;30.0;3.2;0.0;3.0;0.56;119.0;0.38
10.2;0.11;0.15;0.9955;7.6;33.0;3.17;1.0;2.8;0.63;73.0;0.51
9.5;0.084;0.04;0.9978;7.7;25.0;3.34;0.0;3.8;0.53;45.0;0.62
9.6;0.07;0.57;0.9971;10.2;4.0;3.04;0.0;3.4;0.63;10.0;0.42
9.4;0.111;0.12;0.9983;7.5;50.0;3.26;0.0;5.1;0.77;110.0;0.63
10.0;0.076;0.18;0.9975;7.8;17.0;3.43;0.0;2.3;0.59;54.0;0.59
9.4;0.074;0.31;0.9962;7.3;9.0;3.41;1.0;2.4;0.54;46.0;0.39
9.2;0.079;0.4;0.998;8.8;19.0;3.44;0.0;2.2;0.64;52.0;0.4
9.3;0.115;0.49;0.9968;7.7;20.0;3.21;0.0;1.8;0.71;112.0;0.69
9.5;0.085;0.16;0.9968;7.5;12.0;3.38;1.0;1.9;0.62;35.0;0.52
9.8;0.081;0.05;0.9966;7.0;13.0;3.39;0.0;2.0;0.57;54.0;0.735
10.9;0.086;0.05;0.9962;7.2;4.0;3.41;0.0;4.65;0.39;11.0;0.725
10.9;0.086;0.05;0.9962;7.2;4.0;3.41;0.0;4.65;0.39;11.0;0.725
9.6;0.079;0.11;0.9968;7.5;11.0;3.42;0.0;1.5;0.58;39.0;0.52
10.7;0.076;0.07;0.9962;6.6;6.0;3.44;0.0;1.6;0.58;15.0;0.705
10.7;0.074;0.57;0.9969;9.3;27.0;3.28;0.0;2.0;0.79;65.0;0.32
10.5;0.074;0.05;0.9962;8.0;8.0;3.34;1.0;1.9;0.95;19.0;0.705
9.5;0.076;0.08;0.9967;7.7;15.0;3.32;1.0;1.9;0.54;27.0;0.63
9.5;0.088;0.23;0.9962;7.7;17.0;3.32;0.0;2.1;0.48;96.0;0.67
9.5;0.084;0.22;0.9961;7.7;18.0;3.31;0.0;1.9;0.48;94.0;0.69
9.2;0.084;0.26;0.9976;8.3;11.0;3.31;0.0;2.1;0.53;43.0;0.675
9.6;0.094;0.54;0.9984;9.7;28.0;3.28;0.0;2.5;0.82;83.0;0.32
10.5;0.093;0.64;0.9986;8.8;9.0;3.54;0.0;2.2;0.66;42.0;0.41
10.5;0.093;0.64;0.9986;8.8;9.0;3.54;0.0;2.2;0.66;42.0;0.41
10.7;0.104;0.0;0.9966;6.8;14.0;3.52;1.0;2.4;0.55;30.0;0.785
10.1;0.086;0.12;0.9958;6.7;12.0;3.38;0.0;2.0;0.52;80.0;0.75
9.1;0.08;0.2;0.9972;8.3;27.0;3.16;0.0;1.5;1.12;119.0;0.625
9.2;0.069;0.2;0.9958;6.2;3.0;3.41;0.0;1.6;0.56;15.0;0.45
9.4;0.464;0.7;0.9974;7.8;22.0;3.13;0.0;1.9;1.28;67.0;0.43
9.1;0.086;0.47;0.997;7.4;21.0;3.36;0.0;2.0;0.57;73.0;0.5
9.4;0.401;0.26;0.9969;7.3;16.0;3.16;0.0;1.8;1.14;51.0;0.67
10.3;0.069;0.48;0.9959;6.3;18.0;3.44;1.0;1.8;0.78;61.0;0.3
10.1;0.076;0.15;0.9961;6.9;19.0;3.41;0.0;2.2;0.59;40.0;0.55
9.9;0.11;0.28;0.9972;8.6;20.0;2.93;1.0;1.9;1.95;136.0;0.49
9.6;0.062;0.26;0.9966;7.7;9.0;3.39;0.0;1.9;0.64;31.0;0.49
9.5;0.107;0.44;0.9978;9.3;34.0;3.14;0.0;2.1;1.22;125.0;0.39
9.0;0.076;0.08;0.9978;7.0;8.0;3.48;0.0;1.8;0.53;24.0;0.62
9.5;0.079;0.26;0.9964;7.9;42.0;3.23;0.0;1.9;0.54;140.0;0.52
9.9;0.11;0.28;0.9972;8.6;20.0;2.93;1.0;1.9;1.95;136.0;0.49
9.8;0.11;0.29;0.9972;8.6;19.0;2.93;0.0;2.0;1.98;133.0;0.49
9.6;0.062;0.26;0.9966;7.7;9.0;3.39;0.0;1.9;0.64;31.0;0.49
10.5;0.045;0.04;0.9938;5.0;41.0;3.75;0.0;1.4;0.48;85.0;1.02
12.9;0.058;0.17;0.9932;4.7;17.0;3.85;1.0;2.3;0.6;106.0;0.6
10.7;0.102;0.0;0.9965;6.8;8.0;3.45;0.0;3.0;0.56;23.0;0.775
9.2;0.07;0.25;0.9963;7.0;3.0;3.25;0.0;2.0;0.63;22.0;0.5
9.8;0.079;0.06;0.9967;7.6;5.0;3.39;0.0;2.5;0.56;10.0;0.9
9.0;0.08;0.18;0.9972;8.1;13.0;3.3;1.0;1.9;0.59;35.0;0.545
10.2;0.084;0.3;0.9972;8.3;11.0;3.4;1.0;2.1;0.61;50.0;0.61
10.4;0.075;0.3;0.9959;7.8;8.0;3.31;1.0;1.9;0.56;22.0;0.5
9.0;0.08;0.18;0.9972;8.1;13.0;3.3;1.0;1.9;0.59;35.0;0.545
9.2;0.077;0.22;0.9967;8.1;12.0;3.29;0.0;2.1;0.51;65.0;0.575
9.4;0.07;0.24;0.996;7.2;5.0;3.33;0.0;2.2;0.48;36.0;0.49
9.2;0.077;0.22;0.9967;8.1;12.0;3.29;0.0;2.1;0.51;65.0;0.575
9.3;0.467;0.68;0.9973;7.8;18.0;3.08;0.0;1.7;1.31;69.0;0.41
9.3;0.088;0.31;0.9969;6.2;15.0;3.46;0.0;1.7;0.79;64.0;0.63
9.6;0.091;0.53;0.9976;8.0;18.0;3.37;1.0;2.5;0.8;80.0;0.33
9.3;0.122;0.52;0.9969;8.1;37.0;3.21;0.0;2.0;0.69;153.0;0.785
9.5;0.104;0.19;0.9964;7.8;12.0;3.19;0.0;1.8;0.93;47.0;0.56
9.8;0.084;0.09;0.9964;8.4;11.0;3.15;0.0;2.2;0.66;108.0;0.62
9.8;0.085;0.1;0.9964;8.4;14.0;3.15;0.0;2.2;0.66;111.0;0.6
9.7;0.08;0.44;0.9988;10.1;22.0;3.32;1.0;2.3;0.67;46.0;0.31
9.5;0.104;0.19;0.9964;7.8;12.0;3.19;0.0;1.8;0.93;47.0;0.56
10.5;0.09;0.31;0.9966;9.4;13.0;3.07;1.0;2.2;0.63;62.0;0.4
10.0;0.077;0.28;0.9978;8.3;11.0;3.39;1.0;1.9;0.61;40.0;0.54
9.4;0.082;0.12;0.997;7.8;7.0;3.37;1.0;2.0;0.5;28.0;0.56
10.9;0.119;0.04;0.9962;8.8;14.0;3.21;1.0;2.2;0.6;56.0;0.55
9.2;0.097;0.08;0.9959;7.0;22.0;3.34;1.0;1.8;0.54;89.0;0.69
9.0;0.178;0.09;0.9962;7.3;10.0;3.3;0.0;1.7;0.57;89.0;1.07
10.9;0.119;0.04;0.9962;8.8;14.0;3.21;1.0;2.2;0.6;56.0;0.55
9.2;0.075;0.0;0.998;7.3;3.0;3.49;0.0;2.5;0.52;13.0;0.695
9.5;0.08;0.0;0.9976;8.0;11.0;3.44;0.0;2.6;0.53;34.0;0.71
9.5;0.082;0.17;0.996;7.8;21.0;3.39;0.0;1.6;0.48;102.0;0.5
9.4;0.146;0.04;0.9984;9.0;27.0;3.16;0.0;1.9;0.7;90.0;0.62
10.9;0.081;0.0;0.9964;8.2;3.0;3.53;0.0;1.7;0.49;12.0;1.33
10.9;0.082;0.0;0.9964;8.1;3.0;3.54;0.0;1.8;0.48;12.0;1.33
10.5;0.065;0.16;0.9962;8.0;3.0;3.42;1.0;1.8;0.92;16.0;0.59
9.4;0.072;0.15;0.9955;6.1;6.0;3.42;0.0;1.8;0.57;19.0;0.38
9.4;0.118;0.56;0.9968;8.0;30.0;3.24;0.0;2.0;0.66;134.0;0.745
13.0;0.049;0.09;0.9937;5.6;17.0;3.63;0.0;2.3;0.63;99.0;0.5
13.0;0.049;0.09;0.9937;5.6;17.0;3.63;0.0;2.3;0.63;99.0;0.5
9.8;0.06;0.01;0.9952;6.6;17.0;3.4;1.0;1.5;0.58;26.0;0.5
9.9;0.084;0.05;0.9959;7.9;13.0;3.22;1.0;2.2;0.55;29.0;1.04
9.6;0.09;0.11;0.9965;8.4;16.0;3.19;0.0;1.9;0.82;63.0;0.745
9.5;0.089;0.15;0.9968;8.3;10.0;3.23;0.0;1.8;0.77;52.0;0.715
9.2;0.081;0.36;0.9972;7.2;13.0;3.48;0.0;2.0;0.64;45.0;0.415
9.5;0.081;0.19;0.9962;7.8;15.0;3.33;0.0;2.1;0.54;105.0;0.56
9.5;0.081;0.19;0.9962;7.8;17.0;3.32;0.0;2.0;0.54;108.0;0.56
9.6;0.09;0.11;0.9965;8.4;16.0;3.19;0.0;1.9;0.82;63.0;0.745
9.5;0.089;0.15;0.9968;8.3;10.0;3.23;0.0;1.8;0.77;52.0;0.715
14.0;0.05;0.0;0.9916;5.2;27.0;3.68;1.0;1.8;0.79;63.0;0.34
9.4;0.066;0.08;0.9954;6.3;3.0;3.34;0.0;1.7;0.58;20.0;0.39
14.0;0.05;0.0;0.9916;5.2;27.0;3.68;1.0;1.8;0.79;63.0;0.34
9.4;0.117;0.55;0.9968;8.1;32.0;3.17;0.0;1.8;0.62;141.0;0.67
10.0;0.087;0.02;0.9944;5.8;21.0;3.54;0.0;1.8;0.52;94.0;0.68
9.3;0.236;0.26;0.9968;7.6;10.0;3.11;0.0;1.6;0.8;88.0;0.49
10.2;0.074;0.1;0.9959;6.9;12.0;3.42;1.0;2.3;0.58;30.0;0.49
10.5;0.089;0.44;0.9975;8.2;11.0;3.53;1.0;2.8;0.61;43.0;0.4
10.3;0.077;0.47;0.9958;7.3;5.0;3.33;1.0;2.1;0.53;11.0;0.33
9.4;0.61;1.0;0.9996;9.2;32.0;2.74;0.0;3.4;2.0;69.0;0.52
10.1;0.095;0.03;0.995;7.5;25.0;3.35;0.0;1.8;0.54;99.0;0.6
10.1;0.095;0.03;0.995;7.5;25.0;3.35;0.0;1.8;0.54;99.0;0.6
10.5;0.07;0.42;0.9973;7.1;29.0;3.42;0.0;5.5;0.72;129.0;0.43
10.5;0.071;0.42;0.9973;7.1;28.0;3.42;0.0;5.5;0.71;128.0;0.43
10.5;0.07;0.42;0.9973;7.1;29.0;3.42;0.0;5.5;0.72;129.0;0.43
10.5;0.071;0.42;0.9973;7.1;28.0;3.42;0.0;5.5;0.71;128.0;0.43
9.3;0.073;0.0;0.9969;7.1;12.0;3.48;0.0;2.2;0.5;22.0;0.68
9.3;0.079;0.18;0.9968;6.8;18.0;3.59;1.0;1.9;0.57;86.0;0.6
9.6;0.09;0.03;0.9959;7.6;7.0;3.2;0.0;2.0;0.56;20.0;0.95
9.2;0.072;0.02;0.9965;7.6;9.0;3.17;0.0;1.3;1.08;20.0;0.68
10.0;0.076;0.04;0.9964;7.8;17.0;3.33;1.0;1.7;0.56;31.0;0.53
9.4;0.07;0.26;0.9982;7.4;36.0;3.37;0.0;7.3;0.49;121.0;0.6
9.4;0.07;0.26;0.9981;7.3;35.0;3.37;0.0;7.2;0.49;121.0;0.59
9.5;0.1;0.48;0.9961;7.8;14.0;3.19;0.0;1.7;0.62;96.0;0.63
10.2;0.085;0.1;0.9956;6.8;18.0;3.34;0.0;2.1;0.52;101.0;0.64
9.0;0.072;0.03;0.9956;7.3;17.0;3.37;0.0;1.6;0.48;42.0;0.55
10.4;0.089;0.07;0.9953;6.8;11.0;3.47;1.0;2.1;0.55;44.0;0.63
9.5;0.36;0.24;0.9964;7.5;15.0;3.0;0.0;1.8;1.59;63.0;0.705
9.1;0.058;0.03;0.9972;7.9;4.0;3.36;0.0;1.8;0.33;8.0;0.885
9.2;0.073;0.17;0.9972;8.0;6.0;3.29;1.0;2.0;0.61;18.0;0.42
9.2;0.073;0.17;0.9972;8.0;6.0;3.29;1.0;2.0;0.61;18.0;0.42
11.5;0.068;0.05;0.9961;7.4;24.0;3.42;1.0;1.9;0.57;42.0;0.62
9.5;0.08;0.21;0.9961;7.3;7.0;3.33;0.0;2.0;0.47;35.0;0.38
9.5;0.085;0.04;0.9958;6.9;19.0;3.35;0.0;1.5;0.78;49.0;0.5
9.5;0.08;0.21;0.9961;7.3;7.0;3.33;0.0;2.0;0.47;35.0;0.38
10.5;0.087;0.42;0.9972;7.5;8.0;3.58;1.0;2.3;0.61;38.0;0.52
9.6;0.068;0.0;0.9969;7.0;7.0;3.48;0.0;2.5;0.56;20.0;0.805
9.5;0.067;0.14;0.9969;8.8;10.0;3.19;0.0;2.4;0.59;42.0;0.61
9.5;0.067;0.14;0.9969;8.8;10.0;3.19;0.0;2.4;0.59;42.0;0.61
9.3;0.27;0.49;0.9972;8.9;23.0;3.12;0.0;2.0;1.02;110.0;0.61
9.3;0.076;0.02;0.9972;7.2;16.0;3.44;0.0;2.5;0.52;42.0;0.73
9.3;0.077;0.2;0.9971;6.8;11.0;3.54;0.0;1.8;0.58;65.0;0.61
9.3;0.079;0.21;0.997;6.7;8.0;3.52;1.0;1.9;0.58;62.0;0.62
9.7;0.111;0.57;0.9971;8.9;26.0;3.26;0.0;2.0;0.53;85.0;0.31
9.2;0.082;0.48;0.9972;7.4;14.0;3.34;0.0;2.0;0.55;67.0;0.39
9.7;0.084;0.1;0.9976;7.7;9.0;3.39;0.0;2.6;0.49;26.0;0.705
9.5;0.084;0.33;0.9968;7.9;15.0;3.2;0.0;2.0;0.55;143.0;0.5
9.5;0.082;0.32;0.9968;7.9;17.0;3.2;0.0;1.9;0.55;144.0;0.49
9.4;0.077;0.35;0.9976;8.2;21.0;3.23;0.0;2.9;0.62;127.0;0.5
9.8;0.074;0.25;0.9974;6.4;21.0;3.57;1.0;1.9;0.62;49.0;0.37
9.5;0.099;0.12;0.9969;6.8;16.0;3.28;0.0;3.8;0.61;126.0;0.63
9.7;0.071;0.21;0.9964;7.6;7.0;3.28;0.0;2.2;0.55;28.0;0.55
9.7;0.071;0.21;0.9964;7.6;7.0;3.28;0.0;2.2;0.55;28.0;0.55
9.4;0.074;0.33;0.9968;7.8;24.0;3.25;0.0;2.0;0.54;120.0;0.59
10.2;0.074;0.3;0.9968;7.3;15.0;3.46;0.0;2.4;0.59;55.0;0.58
10.1;0.067;0.6;0.9981;11.5;12.0;3.11;1.0;2.0;0.97;27.0;0.3
13.0;0.046;0.08;0.9924;5.4;13.0;3.57;1.0;1.2;0.85;93.0;0.835
11.4;0.061;0.06;0.9948;6.9;12.0;3.51;0.0;2.1;0.43;31.0;1.09
10.3;0.056;0.47;0.99695;9.6;9.0;3.22;1.0;1.4;0.82;24.0;0.32
9.3;0.097;0.48;0.9975;8.8;39.0;3.04;0.0;2.1;1.03;145.0;0.37
9.5;0.075;0.11;0.99545;6.8;16.0;3.36;0.0;1.5;0.79;49.0;0.5
9.2;0.088;0.35;0.9961;7.0;16.0;3.34;0.0;1.6;0.55;39.0;0.42
9.2;0.089;0.36;0.99615;7.0;14.0;3.34;1.0;1.6;0.56;37.0;0.43
10.8;0.095;0.74;0.9994;12.8;9.0;3.2;1.0;2.6;0.77;28.0;0.3
10.8;0.095;0.74;0.9994;12.8;9.0;3.2;1.0;2.6;0.77;28.0;0.3
9.3;0.069;0.31;0.99625;7.8;26.0;3.29;0.0;1.8;0.53;120.0;0.57
9.4;0.1;0.28;0.9966;7.8;18.0;3.22;0.0;2.7;0.67;95.0;0.44
10.5;0.054;0.58;0.998;11.0;7.0;3.31;1.0;2.1;0.88;19.0;0.3
12.4;0.039;0.6;0.99585;9.7;5.0;3.3;1.0;2.0;0.86;19.0;0.53
10.0;0.083;0.24;0.99685;8.0;10.0;3.35;1.0;2.8;0.56;62.0;0.725
10.2;0.059;0.64;0.998;11.6;5.0;3.21;1.0;2.1;0.67;15.0;0.44
10.1;0.06;0.26;0.9959;8.2;28.0;3.3;0.0;2.2;0.43;65.0;0.57
9.8;0.092;0.08;0.9974;7.8;10.0;3.24;1.0;2.4;0.71;41.0;0.735
10.5;0.06;0.49;0.9974;7.0;26.0;3.34;0.0;5.6;0.76;121.0;0.49
11.0;0.101;0.16;0.9962;8.7;13.0;3.14;0.0;2.0;0.57;49.0;0.625
9.1;0.072;0.22;0.9967;8.1;11.0;3.36;0.0;2.2;0.55;41.0;0.725
9.7;0.076;0.19;0.9957;7.5;10.0;3.39;0.0;1.9;0.54;44.0;0.49
9.5;0.08;0.33;0.99655;7.8;24.0;3.3;0.0;2.4;0.6;144.0;0.53
9.4;0.082;0.37;0.9964;7.8;24.0;3.34;1.0;2.0;0.59;58.0;0.34
9.4;0.101;0.26;0.9957;7.4;16.0;3.15;0.0;2.0;0.57;72.0;0.53
9.5;0.057;0.04;0.99525;6.8;5.0;3.42;0.0;1.5;0.6;10.0;0.61
10.0;0.083;0.25;0.99815;8.6;8.0;3.28;1.0;2.0;0.6;28.0;0.645
10.4;0.089;0.36;0.99745;8.4;15.0;3.31;0.0;2.0;0.57;55.0;0.635
10.5;0.073;0.25;0.99615;7.7;29.0;3.37;1.0;2.6;0.58;63.0;0.43
9.5;0.337;0.5;0.9964;8.9;27.0;3.04;1.0;2.0;1.61;81.0;0.59
9.8;0.089;0.14;0.9984;9.0;9.0;3.39;0.0;2.6;0.63;23.0;0.82
10.5;0.073;0.25;0.99615;7.7;29.0;3.37;1.0;2.6;0.58;63.0;0.43
11.0;0.081;0.25;0.99685;6.9;10.0;3.46;0.0;2.6;0.5;37.0;0.52
12.2;0.054;0.04;0.9927;5.2;19.0;3.54;1.0;1.6;0.62;106.0;0.48
9.9;0.078;0.06;0.99625;8.0;12.0;3.37;1.0;1.8;0.52;49.0;0.38
9.6;0.09;0.2;0.998;8.5;18.0;3.34;1.0;2.8;0.7;58.0;0.37
11.0;0.081;0.25;0.99685;6.9;10.0;3.46;0.0;2.6;0.5;37.0;0.52
9.0;0.065;0.09;0.99685;8.2;7.0;3.32;1.0;2.3;0.55;37.0;1.0
9.0;0.097;0.0;0.99675;7.2;14.0;3.37;1.0;1.9;0.58;38.0;0.63
9.0;0.097;0.0;0.99675;7.2;14.0;3.37;1.0;1.9;0.58;38.0;0.63
9.2;0.097;0.0;0.99675;7.2;15.0;3.37;1.0;1.9;0.58;39.0;0.645
9.0;0.097;0.0;0.99675;7.2;14.0;3.37;1.0;1.9;0.58;38.0;0.63
9.0;0.065;0.09;0.99685;8.2;7.0;3.32;1.0;2.3;0.55;37.0;1.0
9.3;0.263;0.37;0.9971;8.9;5.0;3.0;0.0;1.7;1.09;62.0;0.635
10.9;0.093;0.56;0.99925;12.0;6.0;3.14;1.0;2.1;0.71;24.0;0.38
9.8;0.102;0.1;0.99565;7.7;28.0;3.08;1.0;1.8;0.49;109.0;0.58
9.2;0.075;0.44;1.00005;15.0;10.0;3.07;1.0;2.2;0.84;24.0;0.21
9.2;0.075;0.44;1.00005;15.0;10.0;3.07;1.0;2.2;0.84;24.0;0.21
9.9;0.084;0.0;0.9983;7.3;6.0;3.61;1.0;2.0;0.96;23.0;0.66
9.5;0.075;0.07;0.99685;7.1;16.0;3.38;0.0;1.9;0.52;51.0;0.68
9.3;0.072;0.17;0.9963;8.2;11.0;3.2;0.0;2.3;0.45;73.0;0.6
9.8;0.074;0.06;0.99615;7.7;9.0;3.35;1.0;1.7;0.48;39.0;0.53
9.9;0.084;0.0;0.9983;7.3;6.0;3.61;1.0;2.0;0.96;23.0;0.66
10.0;0.063;0.44;0.9985;10.8;16.0;3.22;1.0;1.6;0.78;37.0;0.32
9.9;0.074;0.0;0.9972;7.1;16.0;3.47;1.0;1.8;0.7;34.0;0.6
10.5;0.09;0.48;0.9986;11.1;5.0;3.17;0.0;3.1;0.53;21.0;0.35
9.5;0.092;0.42;0.9959;7.7;8.0;3.23;0.0;1.9;0.59;86.0;0.775
9.9;0.074;0.0;0.9972;7.1;16.0;3.47;1.0;1.8;0.7;34.0;0.6
9.3;0.073;0.23;0.99675;8.0;17.0;3.26;0.0;3.2;0.57;119.0;0.57
9.2;0.075;0.37;0.998;9.4;5.0;3.22;0.0;2.2;0.62;13.0;0.34
9.2;0.075;0.0;0.9968;6.6;12.0;3.49;0.0;2.1;0.67;56.0;0.695
9.4;0.611;0.76;0.9968;7.7;8.0;3.06;0.0;1.8;1.26;45.0;0.41
10.5;0.085;0.47;0.99965;10.0;14.0;3.36;1.0;2.6;0.8;33.0;0.31
9.3;0.077;0.23;0.99625;7.9;18.0;3.29;0.0;1.7;0.65;45.0;0.33
9.4;0.087;0.04;0.99565;7.0;12.0;3.35;0.0;2.0;0.6;67.0;0.975
10.0;0.07;0.03;0.99575;8.0;10.0;3.34;0.0;1.7;0.57;35.0;0.52
9.3;0.077;0.23;0.9963;7.9;23.0;3.28;0.0;1.8;0.67;49.0;0.37
10.9;0.064;0.49;0.9999;12.5;5.0;3.08;0.0;2.4;0.87;27.0;0.56
10.2;0.071;0.52;0.9968;11.8;6.0;3.2;1.0;1.8;0.72;10.0;0.26
9.8;0.096;0.0;1.00025;8.1;26.0;3.6;0.0;3.3;0.72;61.0;0.87
12.8;0.078;0.46;0.9973;7.9;15.0;3.35;1.0;3.6;0.86;37.0;0.35
9.4;0.077;0.04;0.9987;6.9;7.0;3.69;1.0;3.0;0.91;27.0;0.54
10.1;0.104;0.51;0.9996;11.5;4.0;3.28;1.0;4.0;0.97;23.0;0.18
10.7;0.087;0.06;0.9965;7.9;27.0;3.36;1.0;4.0;0.67;61.0;0.545
10.1;0.104;0.51;0.9996;11.5;4.0;3.28;1.0;4.0;0.97;23.0;0.18
10.1;0.071;0.58;0.99935;10.9;17.0;3.22;0.0;4.0;0.78;65.0;0.37
9.4;0.076;0.2;0.99735;8.4;10.0;3.31;0.0;2.4;0.64;38.0;0.715
9.4;0.088;0.18;0.99915;7.5;27.0;3.38;0.0;7.0;0.77;94.0;0.65
10.7;0.087;0.06;0.9965;7.9;27.0;3.36;1.0;4.0;0.67;61.0;0.545
9.4;0.077;0.04;0.9987;6.9;7.0;3.69;1.0;3.0;0.91;27.0;0.54
10.1;0.104;0.51;0.9996;11.5;4.0;3.28;1.0;4.0;0.97;23.0;0.18
12.6;0.073;0.45;0.9976;10.3;5.0;3.23;1.0;6.4;0.82;13.0;0.32
10.5;0.087;0.32;0.9991;8.9;10.0;3.38;1.0;5.6;0.77;47.0;0.4
9.3;0.071;0.44;0.9986;11.4;6.0;3.12;1.0;3.6;0.82;19.0;0.26
9.9;0.358;0.68;0.9972;7.7;5.0;3.25;1.0;3.5;1.08;10.0;0.27
9.1;0.067;0.12;0.9971;7.6;12.0;3.36;0.0;3.0;0.57;53.0;0.52
10.5;0.087;0.32;0.9991;8.9;10.0;3.38;1.0;5.6;0.77;47.0;0.4
9.8;0.102;0.07;1.00015;9.9;32.0;3.31;0.0;3.4;0.71;71.0;0.59
9.8;0.102;0.07;1.00015;9.9;32.0;3.31;0.0;3.4;0.71;71.0;0.59
10.3;0.073;0.55;0.9997;12.0;25.0;3.1;1.0;2.0;0.76;49.0;0.45
10.3;0.092;0.12;0.9967;7.5;29.0;3.37;1.0;3.0;0.7;53.0;0.4
10.6;0.091;0.09;0.9976;8.7;20.0;3.34;1.0;2.5;0.86;49.0;0.52
9.2;0.105;0.53;1.001;11.6;33.0;3.2;0.0;3.3;0.95;98.0;0.42
10.6;0.091;0.09;0.9976;8.7;20.0;3.34;1.0;2.5;0.86;49.0;0.52
10.5;0.343;0.48;0.9979;11.0;6.0;3.3;0.0;2.0;0.71;18.0;0.2
10.3;0.091;0.23;0.9994;10.4;18.0;3.22;1.0;2.7;0.64;48.0;0.55
10.1;0.098;0.25;0.9964;6.9;5.0;3.41;1.0;2.4;0.6;16.0;0.36
9.5;0.094;0.52;1.0014;13.3;17.0;3.05;1.0;3.2;0.81;53.0;0.34
9.5;0.073;0.46;1.0001;10.8;5.0;3.05;0.0;2.5;0.64;27.0;0.5
9.9;0.086;0.37;0.9981;10.6;26.0;3.16;0.0;2.6;0.52;70.0;0.83
9.6;0.083;0.06;0.99855;7.1;8.0;3.67;0.0;2.0;0.73;29.0;0.63
9.7;0.094;0.02;0.9993;7.2;5.0;3.67;0.0;2.3;0.8;31.0;0.65
9.6;0.08;0.06;0.99845;6.9;8.0;3.68;0.0;2.1;0.71;33.0;0.67
10.7;0.086;0.06;0.9965;7.5;20.0;3.38;1.0;2.6;0.59;44.0;0.53
10.1;0.068;0.48;0.9973;11.1;7.0;3.22;1.0;1.5;0.64;15.0;0.18
10.0;0.092;0.12;0.9994;8.3;12.0;3.51;0.0;2.6;0.72;28.0;0.705
9.5;0.186;0.12;0.996;7.4;5.0;3.39;0.0;1.6;0.54;21.0;0.67
9.2;0.112;0.6;0.9973;8.4;12.0;3.2;0.0;2.1;0.52;90.0;0.65
9.3;0.063;0.48;0.9998;10.3;6.0;3.12;1.0;2.5;0.59;25.0;0.53
9.4;0.082;0.32;0.9966;7.6;7.0;3.36;0.0;2.2;0.52;54.0;0.62
9.5;0.213;0.42;0.9994;10.3;6.0;3.19;1.0;2.4;0.62;14.0;0.41
9.5;0.214;0.44;0.9994;10.3;5.0;3.19;1.0;2.4;0.63;12.0;0.43
9.5;0.062;0.38;0.9968;7.4;9.0;3.41;1.0;1.7;0.53;30.0;0.29
9.3;0.063;0.48;0.9998;10.3;6.0;3.12;1.0;2.5;0.59;25.0;0.53
9.4;0.072;0.24;0.996;7.9;15.0;3.27;1.0;2.0;0.54;105.0;0.53
9.5;0.093;0.31;0.99815;9.0;19.0;3.32;1.0;2.8;0.63;98.0;0.46
9.4;0.076;0.3;0.9976;8.6;30.0;3.3;0.0;3.0;0.53;135.0;0.47
11.0;0.087;0.29;0.99645;7.4;26.0;3.39;0.0;2.6;0.68;72.0;0.36
11.0;0.096;0.29;0.9962;7.1;20.0;3.42;1.0;2.5;0.65;53.0;0.35
10.1;0.102;0.23;0.9996;9.6;37.0;3.3;0.0;3.4;0.65;92.0;0.56
10.4;0.082;0.12;0.99865;9.6;30.0;3.3;1.0;2.9;0.64;74.0;0.77
11.5;0.083;0.39;0.9989;9.8;21.0;3.37;1.0;3.2;0.71;59.0;0.66
10.4;0.082;0.12;0.99865;9.6;30.0;3.3;1.0;2.9;0.64;74.0;0.77
11.5;0.083;0.39;0.9989;9.8;21.0;3.37;1.0;3.2;0.71;59.0;0.66
9.7;0.09;0.26;0.99975;9.3;25.0;3.24;0.0;3.4;0.62;87.0;0.61
9.3;0.079;0.05;0.99735;7.8;6.0;3.29;0.0;2.3;0.63;18.0;0.62
9.5;0.09;0.42;0.999;10.3;35.0;3.28;1.0;2.8;0.7;73.0;0.59
9.2;0.071;0.2;1.0015;10.0;13.0;3.16;1.0;11.0;0.69;50.0;0.49
9.2;0.071;0.2;1.0015;10.0;13.0;3.16;1.0;11.0;0.69;50.0;0.49
11.5;0.121;0.66;0.9978;11.6;6.0;3.05;1.0;3.65;0.74;14.0;0.53
11.5;0.107;0.5;0.998;10.3;5.0;3.28;0.0;4.5;0.83;13.0;0.44
9.7;0.082;0.62;1.0002;13.4;6.0;3.16;1.0;2.6;0.67;21.0;0.27
9.5;0.061;0.39;0.9981;10.7;7.0;3.18;0.0;2.0;0.62;15.0;0.46
12.5;0.122;0.64;0.998;10.2;10.0;3.23;1.0;2.9;0.66;41.0;0.36
12.5;0.122;0.64;0.998;10.2;10.0;3.23;1.0;2.9;0.66;41.0;0.36
9.4;0.066;0.28;0.9973;8.0;21.0;3.22;1.0;3.2;0.54;114.0;0.58
11.0;0.105;0.08;0.9958;8.4;16.0;3.13;0.0;2.1;0.52;44.0;0.56
11.7;0.078;0.01;0.9963;7.9;17.0;3.34;1.0;2.5;0.74;38.0;0.65
12.2;0.128;0.53;0.9992;11.9;7.0;3.17;1.0;3.4;0.84;21.0;0.695
12.5;0.052;0.45;0.9948;8.9;6.0;3.35;1.0;1.9;0.7;16.0;0.43
10.3;0.08;0.32;0.9974;7.8;29.0;3.31;0.0;2.8;0.64;58.0;0.43
11.5;0.103;0.58;1.0008;12.4;28.0;3.16;1.0;3.0;1.0;99.0;0.49
9.8;0.082;0.54;0.9997;12.5;12.0;3.11;1.0;2.3;1.36;29.0;0.28
9.2;0.066;0.5;1.0;12.2;10.0;3.12;1.0;2.4;1.18;21.0;0.34
11.3;0.065;0.48;0.9972;10.6;5.0;3.21;1.0;2.7;0.87;18.0;0.42
9.8;0.118;0.47;0.9982;10.9;6.0;3.3;1.0;1.8;0.75;14.0;0.39
9.8;0.118;0.47;0.9982;10.9;6.0;3.3;1.0;1.8;0.75;14.0;0.39
10.7;0.082;0.5;1.0006;11.9;6.0;3.12;1.0;2.6;0.78;32.0;0.57
9.9;0.067;0.0;0.9979;7.0;40.0;3.6;0.0;1.9;0.81;63.0;0.685
12.3;0.072;0.02;0.9955;6.6;17.0;3.58;1.0;2.7;0.89;34.0;0.815
12.0;0.093;0.67;0.9986;13.8;6.0;3.02;1.0;3.0;0.93;15.0;0.49
10.0;0.089;0.31;0.9979;9.6;15.0;3.11;1.0;2.8;0.92;46.0;0.56
9.4;0.093;0.0;0.9994;9.1;11.0;3.36;1.0;2.6;0.86;28.0;0.785
9.9;0.107;0.22;1.0004;10.7;17.0;3.28;1.0;2.7;0.98;34.0;0.67
9.4;0.096;0.0;0.9994;9.1;11.0;3.35;1.0;2.6;0.83;26.0;0.795
9.3;0.09;0.0;0.9974;7.7;8.0;3.27;0.0;2.4;0.73;19.0;0.665
13.0;0.12;0.79;1.0018;13.5;23.0;3.18;0.0;4.8;0.77;77.0;0.53
11.9;0.066;0.4;0.9912;6.1;40.5;3.25;1.0;1.4;0.59;165.0;0.21
12.8;0.078;0.01;0.9955;6.7;17.0;3.55;1.0;2.4;0.61;32.0;0.75
11.0;0.08;0.52;1.0001;11.5;29.0;3.26;0.0;3.0;0.88;55.0;0.41
11.7;0.116;0.66;0.997;10.5;12.0;3.24;1.0;2.95;0.75;29.0;0.42
10.4;0.109;0.66;1.0;11.9;10.0;3.15;1.0;3.1;0.85;23.0;0.43
9.8;0.088;0.66;1.001;12.6;10.0;3.17;1.0;2.6;0.68;41.0;0.38
9.4;0.099;0.23;0.9973;8.2;14.0;3.19;0.0;2.0;0.7;81.0;0.7
9.9;0.086;0.31;0.9982;8.6;21.0;3.37;1.0;2.6;0.91;50.0;0.45
10.0;0.072;0.66;0.9992;11.9;6.0;3.05;0.0;2.5;0.56;37.0;0.58
10.2;0.071;0.63;0.9988;12.5;6.0;2.99;0.0;2.0;0.87;15.0;0.46
10.0;0.083;0.66;1.0022;12.8;7.0;3.07;1.0;5.8;0.73;42.0;0.615
11.8;0.107;0.5;0.9979;10.0;7.0;3.26;1.0;3.4;0.93;21.0;0.42
10.0;0.083;0.66;1.0022;12.8;7.0;3.07;1.0;5.8;0.73;42.0;0.615
9.0;0.076;0.61;1.0;10.4;11.0;3.16;0.0;2.6;0.69;24.0;0.575
9.4;0.159;0.52;0.9998;10.3;15.0;3.18;0.0;2.8;0.64;75.0;0.34
12.0;0.074;0.53;0.9962;9.4;6.0;3.2;1.0;2.4;1.13;18.0;0.27
9.9;0.063;0.02;0.9975;6.9;35.0;3.57;0.0;2.3;0.78;63.0;0.765
8.7;0.056;0.4;0.9967;7.9;11.0;3.32;1.0;1.6;0.87;25.0;0.24
10.6;0.067;0.48;0.9967;9.1;26.0;3.32;1.0;1.8;1.04;46.0;0.28
9.2;0.106;0.22;0.9959;7.4;12.0;3.05;0.0;2.2;0.63;72.0;0.55
10.8;0.089;0.63;1.0014;14.0;6.0;3.01;1.0;3.8;0.81;47.0;0.41
11.8;0.124;0.71;0.9984;11.5;6.0;3.01;1.0;4.4;0.83;15.0;0.54
11.0;0.078;0.5;1.0003;11.5;19.0;3.26;1.0;3.0;1.11;47.0;0.45
12.0;0.074;0.53;0.9962;9.4;6.0;3.2;1.0;2.4;1.13;18.0;0.27
13.3;0.088;0.66;0.9988;11.4;6.0;3.11;1.0;6.2;0.99;24.0;0.625
10.8;0.094;0.38;0.9979;8.3;24.0;3.31;1.0;2.5;0.7;60.0;0.42
9.4;0.08;0.42;0.9974;8.3;11.0;3.21;1.0;2.0;0.8;27.0;0.26
10.0;0.085;0.68;1.0014;13.7;17.0;3.06;1.0;2.9;0.8;43.0;0.415
9.4;0.08;0.42;0.9974;8.3;11.0;3.21;1.0;2.0;0.8;27.0;0.26
9.4;0.08;0.42;0.9974;8.3;11.0;3.21;1.0;2.0;0.8;27.0;0.26
9.2;0.087;0.28;0.998;7.7;23.0;3.42;0.0;2.1;0.74;54.0;0.51
9.7;0.09;0.07;0.9979;7.4;11.0;3.43;1.0;2.4;0.76;37.0;0.63
9.2;0.088;0.26;0.9981;7.8;23.0;3.41;1.0;2.0;0.74;48.0;0.54
9.6;0.079;0.15;0.9972;8.3;17.0;3.31;1.0;1.9;0.54;42.0;0.66
9.2;0.088;0.26;0.9981;7.8;23.0;3.43;1.0;1.9;0.74;53.0;0.46
10.0;0.096;0.31;0.9982;9.6;16.0;3.19;1.0;2.5;0.7;49.0;0.38
12.9;0.045;0.05;0.9924;5.6;12.0;3.56;1.0;1.4;0.82;88.0;0.85
10.0;0.085;0.68;1.0014;13.7;17.0;3.06;1.0;2.9;0.8;43.0;0.415
9.5;0.082;0.52;0.998;9.5;6.0;3.18;0.0;2.0;0.51;26.0;0.37
9.1;0.112;0.61;0.997;8.4;13.0;3.16;0.0;2.0;0.54;95.0;0.665
9.9;0.063;0.65;0.9997;12.7;6.0;3.03;0.0;2.3;0.57;25.0;0.6
13.0;0.066;0.76;1.0004;12.0;7.0;3.22;1.0;4.2;0.6;38.0;0.37
9.9;0.122;0.02;0.9994;6.6;68.0;3.47;0.0;7.9;0.53;124.0;0.735
11.0;0.087;0.59;0.9988;11.5;13.0;3.18;1.0;2.6;0.65;49.0;0.59
11.0;0.087;0.59;0.9988;11.5;13.0;3.18;1.0;2.6;0.65;49.0;0.59
9.4;0.064;0.22;0.9963;8.7;9.0;3.1;0.0;2.3;0.55;42.0;0.765
9.9;0.122;0.02;0.9994;6.6;68.0;3.47;0.0;7.9;0.53;124.0;0.735
10.8;0.059;0.3;0.9949;7.7;20.0;3.29;1.0;1.7;0.47;38.0;0.26
10.5;0.085;0.54;1.0;12.2;19.0;3.1;1.0;2.6;0.61;64.0;0.48
10.5;0.085;0.49;0.9994;11.4;10.0;3.15;1.0;2.7;0.63;41.0;0.6
9.1;0.075;0.05;0.9974;7.7;15.0;3.26;0.0;2.7;0.61;27.0;0.69
10.1;0.059;0.46;0.9966;8.7;11.0;3.36;1.0;1.4;0.76;25.0;0.31
10.8;0.063;0.47;0.9981;9.8;9.0;3.24;1.0;2.5;0.65;28.0;0.44
10.8;0.093;0.66;0.9996;12.0;12.0;3.18;1.0;3.0;0.63;30.0;0.39
11.3;0.174;0.58;0.997;10.4;6.0;3.19;1.0;3.7;0.7;16.0;0.34
9.6;0.07;0.49;0.9981;12.5;26.0;3.05;0.0;4.5;0.57;49.0;0.46
9.5;0.08;0.34;0.9987;9.0;26.0;3.38;1.0;2.5;0.62;86.0;0.43
9.5;0.08;0.35;0.9987;9.1;23.0;3.38;0.0;2.4;0.62;78.0;0.45
9.3;0.1;0.16;0.9966;7.1;15.0;3.27;0.0;1.9;0.64;77.0;0.735
11.7;0.097;0.53;0.9986;9.9;6.0;3.27;1.0;6.7;0.82;19.0;0.4
9.5;0.087;0.34;0.9982;8.8;24.0;3.26;0.0;2.7;0.61;122.0;0.52
9.3;0.117;0.24;1.0014;8.6;31.0;3.32;0.0;6.6;1.07;134.0;0.725
11.7;0.111;0.64;0.997;10.6;6.0;3.26;1.0;2.2;0.66;20.0;0.48
10.5;0.091;0.12;0.9956;7.0;34.0;3.44;0.0;1.9;0.48;124.0;0.58
10.4;0.121;0.51;0.9996;11.9;7.0;3.24;1.0;2.0;0.76;20.0;0.38
9.9;0.066;0.0;0.9976;6.8;34.0;3.62;0.0;1.8;0.68;52.0;0.77
11.8;0.089;0.33;0.9972;9.5;35.0;3.28;1.0;2.4;0.73;67.0;0.56
12.3;0.059;0.03;0.9952;6.6;32.0;3.52;1.0;2.3;0.56;48.0;0.84
10.9;0.047;0.2;0.9955;7.7;15.0;3.36;0.0;2.0;0.44;60.0;0.96
11.0;0.066;0.47;0.9978;10.5;6.0;3.15;1.0;2.1;0.9;24.0;0.24
10.9;0.047;0.2;0.9955;7.7;15.0;3.36;0.0;2.0;0.44;60.0;0.96
12.3;0.059;0.03;0.9952;6.6;32.0;3.52;1.0;2.3;0.56;48.0;0.84
11.4;0.045;0.08;0.9949;6.4;19.0;3.49;1.0;2.1;0.49;48.0;0.67
10.6;0.077;0.22;0.9988;9.5;6.0;3.26;1.0;1.9;0.56;32.0;0.78
9.3;0.07;0.33;0.9978;9.1;9.0;3.24;0.0;1.3;0.6;30.0;0.52
10.4;0.088;0.63;0.9997;12.8;13.0;3.1;1.0;2.4;0.6;35.0;0.84
11.0;0.066;0.47;0.9978;10.5;6.0;3.15;1.0;2.1;0.9;24.0;0.24
9.2;0.074;0.35;0.9974;7.8;21.0;3.25;0.0;2.2;0.56;66.0;0.55
12.8;0.078;0.69;0.9958;11.9;12.0;3.0;1.0;2.3;0.65;24.0;0.37
9.5;0.091;0.63;1.0004;12.3;6.0;3.16;0.0;2.3;0.49;18.0;0.39
9.9;0.076;0.55;0.9996;10.4;22.0;3.15;1.0;3.2;0.89;54.0;0.41
9.5;0.091;0.63;1.0004;12.3;6.0;3.16;0.0;2.3;0.49;18.0;0.39
10.2;0.06;0.3;0.9958;8.0;38.0;3.26;1.0;2.0;0.56;62.0;0.67
11.2;0.066;0.73;0.9986;11.1;6.0;3.17;1.0;3.2;0.66;22.0;0.45
9.9;0.076;0.55;0.9996;10.4;22.0;3.15;1.0;3.2;0.89;54.0;0.41
9.3;0.062;0.18;0.9951;7.0;7.0;3.08;0.0;1.5;0.6;50.0;0.62
9.8;0.072;0.72;0.9987;12.6;6.0;2.88;1.0;2.2;0.82;29.0;0.31
11.3;0.068;0.65;0.9988;11.9;7.0;3.06;1.0;2.15;0.68;27.0;0.4
11.2;0.1;0.76;1.0032;15.6;6.0;2.95;1.0;3.7;0.68;43.0;0.685
11.6;0.077;0.49;0.9963;10.0;11.0;3.23;1.0;2.7;0.63;19.0;0.44
12.5;0.054;0.01;0.9934;5.3;5.0;3.57;1.0;1.7;0.84;27.0;0.57
10.1;0.079;0.1;0.9986;9.5;6.0;3.23;1.0;2.1;0.56;31.0;0.735
10.5;0.081;0.6;0.9996;12.5;31.0;3.1;0.0;2.6;0.73;72.0;0.38
11.2;0.127;0.29;0.9968;9.3;6.0;3.22;0.0;2.1;0.72;16.0;0.48
10.2;0.1;0.22;0.9967;8.6;7.0;3.2;1.0;2.0;0.56;27.0;0.53
10.8;0.095;0.69;0.9994;11.9;17.0;3.1;1.0;2.8;0.61;35.0;0.39
10.8;0.095;0.69;0.9994;11.9;17.0;3.1;1.0;2.8;0.61;35.0;0.39
9.1;0.413;0.53;0.9979;8.4;9.0;3.06;1.0;1.8;1.06;26.0;0.37
10.0;0.084;0.03;0.9968;6.8;18.0;3.44;1.0;1.7;0.63;35.0;0.56
11.2;0.084;0.63;0.9998;10.4;5.0;3.26;1.0;2.8;0.74;22.0;0.33
11.1;0.063;0.4;0.9952;7.0;21.0;3.5;0.0;1.6;0.63;67.0;0.23
13.4;0.086;0.67;0.9988;11.3;6.0;3.22;1.0;5.2;0.69;19.0;0.62
10.3;0.095;0.39;0.9986;8.9;5.0;3.37;0.0;2.3;0.58;22.0;0.59
9.6;0.097;0.21;0.9988;9.2;29.0;3.28;0.0;2.7;0.58;65.0;0.63
11.2;0.084;0.63;0.9998;10.4;5.0;3.26;1.0;2.8;0.74;22.0;0.33
9.0;0.074;0.66;1.0008;11.6;10.0;3.25;0.0;2.2;0.57;47.0;0.58
11.3;0.083;0.52;0.9976;9.2;14.0;3.35;1.0;2.3;0.61;23.0;0.43
9.3;0.087;0.22;0.9982;8.3;6.0;3.26;0.0;2.6;0.61;19.0;0.615
11.8;0.085;0.68;0.997;11.0;10.0;3.18;0.0;2.55;0.61;25.0;0.26
9.0;0.098;0.7;0.9972;8.1;25.0;3.08;0.0;2.2;0.53;129.0;0.66
9.2;0.084;0.54;0.9987;11.5;5.0;2.98;1.0;2.1;0.7;15.0;0.315
9.7;0.098;0.4;1.0006;10.0;10.0;3.48;0.0;2.9;0.91;26.0;0.29
11.5;0.069;0.42;0.9982;10.3;21.0;3.16;1.0;2.0;0.72;51.0;0.5
14.0;0.065;0.45;0.9947;8.8;7.0;3.32;1.0;2.6;0.79;18.0;0.46
9.2;0.09;0.69;1.0;11.4;6.0;3.17;1.0;2.1;0.62;21.0;0.36
9.8;0.07;0.02;0.9952;8.7;36.0;3.2;0.0;1.2;0.58;48.0;0.82
10.6;0.093;0.65;0.9996;13.0;15.0;3.05;0.0;2.6;0.61;47.0;0.32
11.4;0.081;0.42;0.997;9.6;25.0;3.2;1.0;2.4;0.71;52.0;0.54
10.4;0.083;0.55;0.9995;12.5;25.0;3.15;1.0;2.6;0.82;68.0;0.37
10.6;0.062;0.55;0.9971;9.9;5.0;3.26;0.0;2.1;0.79;14.0;0.35
9.4;0.08;0.51;0.9982;10.5;10.0;3.2;1.0;1.7;0.89;24.0;0.28
10.2;0.087;0.24;0.9988;9.6;5.0;3.14;0.0;2.2;0.6;28.0;0.68
9.7;0.091;0.41;0.998;9.3;6.0;3.28;0.0;2.0;0.7;16.0;0.27
11.0;0.075;0.49;0.9977;10.4;6.0;3.18;1.0;1.8;1.06;20.0;0.24
10.2;0.087;0.24;0.9988;9.6;5.0;3.14;0.0;2.2;0.6;28.0;0.68
10.1;0.077;0.11;0.9984;9.4;6.0;3.19;1.0;2.7;0.7;31.0;0.685
9.2;0.069;0.39;1.0026;10.6;6.0;3.12;0.0;15.5;0.66;23.0;0.28
11.7;0.08;0.56;0.9964;9.4;6.0;3.15;1.0;2.8;0.92;17.0;0.3
9.4;0.152;0.59;0.9986;10.6;6.0;3.04;0.0;2.2;1.05;18.0;0.36
9.4;0.152;0.6;0.9986;10.6;7.0;3.04;0.0;2.2;1.06;18.0;0.36
13.4;0.114;0.68;0.997;10.6;6.0;3.06;1.0;4.1;0.66;24.0;0.44
10.0;0.054;0.39;0.9976;10.2;6.0;3.17;0.0;1.9;0.47;17.0;0.67
10.0;0.054;0.39;0.9976;10.2;6.0;3.17;0.0;1.9;0.47;17.0;0.67
10.0;0.053;0.36;0.9982;10.2;5.0;3.17;1.0;1.8;0.42;14.0;0.645
10.8;0.081;0.55;1.0002;11.6;35.0;3.32;1.0;2.8;0.92;67.0;0.32
10.2;0.073;0.4;0.9984;9.3;10.0;3.34;1.0;2.6;0.75;26.0;0.39
10.6;0.078;0.27;0.9984;9.3;24.0;3.31;1.0;2.8;0.67;56.0;0.775
13.3;0.055;0.5;0.9952;9.2;12.0;3.34;1.0;2.5;0.79;25.0;0.41
13.4;0.052;0.51;0.995;8.9;13.0;3.32;1.0;2.6;0.9;27.0;0.4
11.6;0.086;0.31;1.0002;8.7;23.0;3.48;1.0;3.0;0.74;81.0;0.69
12.1;0.051;0.23;0.9952;6.5;28.0;3.44;1.0;8.3;0.55;91.0;0.39
11.0;0.07;0.53;0.9972;10.7;5.0;3.15;1.0;2.6;0.65;16.0;0.35
9.0;0.081;0.25;0.9984;7.8;14.0;3.43;1.0;1.9;0.65;38.0;0.52
11.1;0.09;0.32;0.9966;7.2;43.0;3.32;0.0;2.5;0.79;113.0;0.34
11.0;0.07;0.53;0.9972;10.7;5.0;3.15;1.0;2.6;0.65;16.0;0.35
11.6;0.086;0.31;1.0002;8.7;23.0;3.48;1.0;3.0;0.74;81.0;0.69
9.0;0.081;0.25;0.9984;7.8;14.0;3.43;1.0;1.9;0.65;38.0;0.52
12.0;0.074;0.73;0.999;10.4;38.0;3.17;1.0;6.55;0.85;76.0;0.44
12.0;0.074;0.73;0.999;10.4;38.0;3.17;1.0;6.55;0.85;76.0;0.44
10.9;0.078;0.47;0.9976;10.5;6.0;3.18;1.0;1.9;1.04;24.0;0.26
10.8;0.077;0.42;0.9976;10.5;6.0;3.21;1.0;1.8;1.05;22.0;0.24
12.5;0.072;0.63;0.9968;10.2;10.0;3.16;1.0;2.9;0.78;26.0;0.49
10.8;0.075;0.46;0.9976;10.4;6.0;3.25;1.0;1.8;1.02;21.0;0.24
9.5;0.084;0.55;1.0;11.2;6.0;3.17;1.0;2.3;0.71;13.0;0.67
10.2;0.09;0.31;0.9994;10.0;26.0;3.18;1.0;2.2;0.63;62.0;0.59
11.4;0.084;0.75;0.9986;13.3;23.0;3.04;1.0;2.8;0.68;43.0;0.29
9.5;0.073;0.49;0.9978;12.4;19.0;3.02;0.0;4.6;0.61;43.0;0.42
10.2;0.09;0.31;0.9994;10.0;26.0;3.18;1.0;2.2;0.63;62.0;0.59
9.7;0.125;0.48;0.998;10.7;15.0;3.03;1.0;2.1;0.81;49.0;0.4
11.8;0.107;0.64;0.9973;10.5;6.0;3.09;1.0;2.4;0.66;15.0;0.51
11.8;0.107;0.64;0.9973;10.5;6.0;3.09;1.0;2.4;0.66;15.0;0.51
9.3;0.122;0.49;1.001;8.5;34.0;3.31;0.0;6.1;1.14;151.0;0.655
11.9;0.1;0.49;1.001;12.5;5.0;3.25;1.0;4.3;0.74;14.0;0.6
8.4;0.2;0.49;0.9994;10.4;5.0;3.16;0.0;2.1;0.63;16.0;0.61
11.7;0.088;0.49;0.9972;10.9;11.0;3.22;1.0;2.8;0.68;32.0;0.21
11.0;0.088;0.49;0.9966;7.3;39.0;3.36;0.0;2.5;0.78;106.0;0.365
10.0;0.088;0.49;0.9982;9.8;15.0;3.42;1.0;2.7;0.9;33.0;0.25
9.1;0.088;0.49;0.998;7.6;16.0;3.48;0.0;2.0;0.64;43.0;0.41
9.8;0.099;0.49;0.9979;8.2;47.0;3.38;0.0;2.3;0.99;133.0;0.39
9.4;0.085;0.49;0.9978;9.3;38.0;3.22;0.0;2.5;0.55;142.0;0.4
9.5;0.086;0.49;0.9976;9.2;23.0;3.23;0.0;2.4;0.64;116.0;0.43
9.9;0.105;0.24;0.9998;10.4;29.0;3.24;0.0;2.8;0.67;53.0;0.64
11.0;0.088;0.49;0.9966;7.3;39.0;3.36;0.0;2.5;0.78;106.0;0.365
11.4;0.097;0.49;0.9962;7.0;33.0;3.39;1.0;2.5;0.77;85.0;0.38
8.7;0.084;0.49;0.9988;8.2;32.0;3.34;1.0;2.6;0.75;55.0;0.42
9.4;0.077;0.24;0.9974;9.9;6.0;3.09;0.0;2.4;0.57;33.0;0.63
10.3;0.078;0.24;0.999;9.1;1.0;3.41;1.0;2.1;0.87;28.0;0.22
10.3;0.098;0.49;1.0004;11.9;12.0;3.16;0.0;2.7;0.61;42.0;0.38
10.3;0.098;0.49;1.0004;11.9;12.0;3.16;0.0;2.7;0.61;42.0;0.38
12.8;0.072;0.24;0.9956;10.3;15.0;3.22;1.0;2.1;0.66;33.0;0.27
10.0;0.102;0.24;1.0;10.0;13.0;3.28;1.0;2.7;0.56;32.0;0.48
10.3;0.078;0.24;0.999;9.1;1.0;3.41;1.0;2.1;0.87;28.0;0.22
9.4;0.077;0.24;0.9974;9.9;6.0;3.09;0.0;2.4;0.57;33.0;0.63
10.7;0.084;0.24;0.9972;8.1;5.0;3.37;1.0;2.1;0.77;13.0;0.825
12.0;0.066;0.49;1.0014;12.9;5.0;3.2;1.0;5.8;0.66;35.0;0.35
11.2;0.1;0.74;0.9996;11.2;5.0;3.22;0.0;5.15;0.62;17.0;0.5
9.6;0.101;0.24;0.9988;9.2;20.0;3.26;0.0;3.3;0.67;47.0;0.59
11.0;0.064;0.49;0.9988;9.5;5.0;3.21;1.0;6.3;0.73;17.0;0.46
9.9;0.07;0.24;0.9966;9.3;5.0;3.12;0.0;2.1;0.59;20.0;0.715
11.0;0.085;0.24;0.9993;11.2;16.0;3.06;1.0;2.5;0.72;53.0;0.66
8.4;0.075;0.74;1.0008;14.3;6.0;2.86;1.0;1.8;0.79;15.0;0.31
9.1;0.094;0.49;0.9982;9.1;38.0;3.08;0.0;2.6;0.59;106.0;0.47
9.5;0.078;0.24;0.9983;7.5;10.0;3.45;1.0;2.0;0.78;28.0;0.55
10.7;0.067;0.49;0.9987;10.6;6.0;3.26;1.0;2.5;0.86;21.0;0.31
10.4;0.079;0.49;0.9994;12.4;27.0;3.12;1.0;2.6;0.75;69.0;0.35
9.4;0.171;0.49;0.9975;9.0;6.0;3.27;1.0;1.9;0.61;25.0;0.53
9.5;0.074;0.01;0.9958;6.8;9.0;3.33;1.0;2.1;0.56;25.0;0.51
10.0;0.092;0.24;0.998;9.4;14.0;3.19;1.0;2.8;0.73;45.0;0.43
10.0;0.092;0.24;0.998;9.5;14.0;3.12;1.0;2.7;0.74;44.0;0.46
11.5;0.05;0.24;0.9934;5.0;32.0;3.74;0.0;1.6;0.62;96.0;1.04
11.1;0.095;0.49;1.00315;15.5;10.0;2.92;0.0;4.2;0.74;23.0;0.645
11.1;0.095;0.49;1.00315;15.5;10.0;2.92;0.0;4.2;0.74;23.0;0.645
11.7;0.118;0.49;1.0002;10.9;10.0;3.07;1.0;4.6;0.56;17.0;0.53
11.1;0.095;0.49;1.00315;15.6;10.0;2.92;0.0;4.2;0.74;23.0;0.645
11.7;0.118;0.49;1.0002;10.9;10.0;3.07;1.0;4.6;0.56;17.0;0.53
12.7;0.085;0.49;1.0021;13.0;6.0;3.3;1.0;4.3;0.68;47.0;0.47
11.4;0.075;0.49;0.9994;12.7;5.0;3.14;0.0;2.8;0.57;19.0;0.6
9.2;0.078;0.49;0.9978;9.0;26.0;3.23;0.0;2.4;0.58;121.0;0.44
9.2;0.094;0.49;0.9982;9.0;41.0;3.08;0.0;2.9;0.61;110.0;0.54
10.1;0.092;0.49;0.9971;7.6;25.0;3.31;1.0;2.7;0.61;60.0;0.29
12.7;0.085;0.49;1.0021;13.0;6.0;3.3;1.0;4.3;0.68;47.0;0.47
11.4;0.075;0.49;0.9994;12.7;5.0;3.14;0.0;2.8;0.57;19.0;0.6
9.0;0.226;0.24;0.9991;8.7;5.0;3.32;1.0;2.5;0.6;15.0;0.7
9.0;0.226;0.24;0.9991;8.7;5.0;3.32;1.0;2.5;0.6;15.0;0.7
10.7;0.25;0.49;0.999;9.8;5.0;3.31;1.0;2.6;0.79;20.0;0.5
11.7;0.095;0.24;0.9946;6.2;19.0;3.57;1.0;2.2;0.57;42.0;0.36
11.0;0.07;0.49;1.0003;11.5;10.0;3.32;1.0;3.3;0.91;37.0;0.35
11.7;0.095;0.24;0.9946;6.2;19.0;3.57;1.0;2.2;0.57;42.0;0.36
10.4;0.075;0.49;0.9978;10.2;10.0;3.14;0.0;2.4;0.61;28.0;0.24
9.6;0.07;0.49;0.9991;10.5;14.0;3.3;0.0;2.1;0.56;47.0;0.59
10.0;0.078;0.49;0.9992;10.6;20.0;3.19;1.0;3.2;0.7;78.0;0.34
10.2;0.079;0.49;0.9993;12.3;28.0;3.2;1.0;3.1;0.8;46.0;0.27
10.0;0.103;0.24;0.9978;9.9;6.0;3.34;0.0;2.3;0.52;14.0;0.5
9.5;0.083;0.49;0.9982;8.8;18.0;3.3;0.0;2.8;0.6;111.0;0.44
9.8;0.085;0.49;0.9982;8.8;17.0;3.29;0.0;2.9;0.6;110.0;0.47
9.8;0.063;0.49;0.9976;10.6;18.0;3.14;1.0;2.2;0.51;40.0;0.31
9.6;0.089;0.49;1.0002;12.3;5.0;3.19;0.0;2.2;0.44;14.0;0.5
9.6;0.089;0.49;1.0002;12.3;5.0;3.19;0.0;2.2;0.44;14.0;0.5
9.2;0.083;0.49;1.0;11.7;5.0;3.19;0.0;2.2;0.43;15.0;0.49
9.9;0.074;0.49;0.9976;12.0;10.0;2.98;1.0;1.9;0.66;21.0;0.28
10.7;0.093;0.49;1.0002;11.8;54.0;3.3;1.0;3.4;0.76;80.0;0.33
9.6;0.091;0.24;0.998;7.6;8.0;3.47;1.0;2.4;0.66;38.0;0.51
10.6;0.094;0.49;0.9986;11.1;16.0;3.12;1.0;2.7;1.02;47.0;0.31
9.3;0.108;0.24;0.9967;7.3;18.0;3.26;0.0;1.9;0.59;102.0;0.73
14.0;0.06;0.24;0.9917;5.0;19.0;3.72;1.0;2.0;0.74;50.0;0.42
10.5;0.059;0.49;0.9976;10.2;5.0;3.05;1.0;2.6;0.74;13.0;0.29
9.7;0.084;0.49;0.9987;9.0;21.0;3.35;0.0;2.6;0.57;75.0;0.45
11.5;0.07;0.49;0.9922;6.6;23.0;3.12;1.0;1.7;0.5;149.0;0.39
9.7;0.084;0.49;0.9987;9.0;21.0;3.35;0.0;2.6;0.57;75.0;0.45
9.0;0.094;0.58;1.0004;9.9;9.0;3.29;0.0;3.5;0.58;43.0;0.49
9.5;0.096;0.17;0.9978;7.9;20.0;3.4;0.0;2.6;0.53;38.0;0.72
9.3;0.086;0.41;0.9998;8.9;30.0;3.27;0.0;7.9;0.57;109.0;0.595
9.3;0.059;0.51;0.9994;12.4;6.0;3.04;1.0;2.0;0.6;24.0;0.4
10.0;0.071;0.58;0.998;11.9;5.0;3.09;1.0;1.9;0.63;18.0;0.58
9.8;0.078;0.18;0.9967;8.5;5.0;3.2;1.0;2.1;0.48;30.0;0.585
9.3;0.082;0.45;1.0;12.7;11.0;3.0;1.0;2.3;0.7;22.0;0.59
15.0;0.088;0.27;0.9962;8.2;7.0;3.26;0.0;2.1;0.07;25.3;0.915
12.0;0.071;0.52;1.0006;13.2;12.0;3.1;1.0;2.2;0.46;-66.5;0.46
17.3;0.081;0.0;0.9975;7.7;6.0;3.3;0.0;2.6;0.0;-26.6;0.835
16.0;0.071;0.52;1.0006;13.2;12.0;3.1;1.0;2.2;0.16;3.5;0.46
13.1;0.096;0.13;0.9984;8.3;14.0;3.17;1.0;2.9;0.32;-56.7;0.58
12.2;0.085;0.13;0.9984;8.3;6.0;3.31;1.0;2.6;0.19;-45.6;0.6
15.2;0.072;0.48;0.9973;9.4;10.0;3.34;1.0;4.6;0.39;-18.0;0.41
14.5;0.092;0.41;0.9982;8.8;26.0;3.31;1.0;3.3;0.0;-98.8;0.48
19.4;0.11;0.37;1.0026;10.1;11.0;3.32;1.0;5.1;0.24;-123.5;0.65
15.7;0.075;0.19;0.9956;6.3;15.0;3.56;1.0;3.2;0.0;3.9;0.36
10.2;0.083;0.54;0.9983;8.8;25.0;3.39;0.0;2.5;0.24;-108.3;0.24
13.4;0.081;0.55;1.0006;13.2;5.0;2.98;0.0;2.7;0.0;1.6;0.38
14.0;0.077;0.0;0.9965;7.5;18.0;3.32;1.0;2.4;0.3;-26.1;0.64
14.8;0.058;0.38;0.9962;8.2;10.0;3.26;0.0;1.5;0.54;31.9;0.39
17.2;0.148;0.18;0.9969;9.2;10.0;2.87;1.0;2.2;0.76;-92.7;0.755
18.7;0.079;0.5;0.9997;9.6;28.0;3.5;0.0;2.3;0.27;7.1;0.6
17.7;0.079;0.5;0.9997;9.6;28.0;3.5;0.0;2.3;0.07;78.1;0.6
11.8;0.079;0.51;0.9982;11.5;14.0;3.03;1.0;2.2;0.33;-25.2;0.31
11.2;0.122;0.5;1.0006;11.4;4.0;3.13;0.0;2.7;0.1;18.7;0.46
12.3;0.088;0.41;0.9988;11.3;6.0;3.09;0.0;2.3;0.1;-30.4;0.37
18.4;0.076;0.24;0.9976;8.3;16.0;3.27;0.0;3.4;0.0;-212.8;0.54
12.4;0.078;0.23;0.9976;8.2;14.0;3.28;0.0;3.4;0.0;-197.6;0.56
11.5;0.08;0.22;0.9974;10.0;9.0;3.13;0.0;1.9;0.35;-28.8;0.58
18.1;0.077;0.25;0.9974;7.9;21.0;3.49;1.0;2.9;0.76;-85.5;0.51
19.2;0.124;0.0;0.9997;6.8;21.0;3.46;0.0;5.6;0.0;-110.2;0.69
14.2;0.124;0.0;0.9997;6.8;21.0;3.46;0.0;5.6;0.62;-52.2;0.69
17.1;0.098;0.29;0.9988;8.8;5.0;3.36;0.0;2.2;0.0;1.5;0.6
13.1;0.098;0.29;0.9988;8.8;5.0;3.36;0.0;2.2;0.0;16.5;0.6
10.3;0.097;0.26;0.9976;8.7;7.0;3.27;1.0;2.5;0.4;-27.9;0.54
18.3;0.111;0.23;0.9964;7.6;20.0;3.21;0.0;2.3;0.0;8.4;0.685
18.3;0.097;0.26;0.9976;8.7;7.0;3.27;1.0;2.5;0.5;-58.9;0.54
10.5;0.105;0.54;0.9988;10.4;5.0;3.25;0.0;2.7;0.0;1.9;0.28
13.5;0.087;0.14;0.9964;7.6;21.0;3.32;1.0;3.0;0.0;4.3;0.41
17.3;0.105;0.22;1.001;10.1;11.0;3.43;0.0;3.4;0.0;8.6;0.935
18.5;0.073;0.21;0.9964;7.9;46.0;3.27;0.0;1.9;0.38;-193.8;0.35
18.7;0.065;0.0;0.9954;8.7;24.0;3.27;0.0;1.4;0.0;-29.7;0.84
12.4;0.086;0.28;0.9979;9.6;30.0;3.24;0.0;2.4;0.0;-132.3;0.88
17.4;0.084;0.27;0.9978;9.5;31.0;3.24;0.0;2.3;0.0;14.5;0.885
13.2;0.143;0.12;0.9964;7.7;7.0;3.35;1.0;2.2;0.35;25.3;0.915
12.3;0.067;0.35;0.997;8.9;25.0;3.18;1.0;1.9;0.96;62.7;0.29
13.4;0.071;0.45;0.9991;9.9;16.0;3.39;0.0;2.3;0.12;-36.0;0.54
13.5;0.071;0.44;0.9992;9.5;21.0;3.46;0.0;2.3;0.0;-129.2;0.59
15.4;0.071;0.45;0.9991;9.9;16.0;3.39;0.0;2.3;0.0;-36.0;0.54
10.5;0.071;0.44;0.9992;9.5;21.0;3.46;0.0;2.3;0.0;74.8;0.59
16.4;0.071;0.45;0.9991;9.9;16.0;3.39;0.0;2.3;0.0;4.0;0.54
15.1;0.115;0.1;0.9984;7.8;5.0;3.37;1.0;6.0;0.0;12.1;0.64
15.1;0.107;0.05;0.9972;7.3;6.0;3.4;0.0;3.6;0.53;-38.0;0.67
20.0;0.07;0.01;0.9967;8.3;5.0;3.32;0.0;2.2;0.28;-26.6;0.845
14.2;0.066;0.3;0.9964;8.7;10.0;3.33;1.0;2.8;0.47;30.8;0.48
13.3;0.068;0.27;0.9948;6.7;24.0;3.16;1.0;8.6;0.37;14.8;0.42
10.6;0.106;0.39;0.9986;10.7;8.0;2.89;0.0;2.2;0.0;-28.8;0.43
15.2;0.104;0.25;1.001;9.8;35.0;3.41;0.0;2.5;0.0;15.5;0.88
17.9;0.096;0.65;0.9976;15.9;22.0;2.98;0.0;7.5;0.0;7.1;0.36
16.0;0.079;0.59;0.9976;9.4;9.0;3.12;1.0;2.8;0.0;3.0;0.33
16.5;0.074;0.47;0.9979;8.6;7.0;3.08;0.0;2.4;0.16;31.9;0.47
18.4;0.087;0.17;1.0004;9.7;20.0;3.14;0.0;2.9;0.31;5.3;0.55
17.6;0.106;0.39;0.9986;10.7;8.0;2.89;0.0;2.2;0.0;-28.8;0.43
12.5;0.073;0.59;0.998;12.0;23.0;2.92;1.0;1.4;0.0;-37.8;0.5
15.6;0.074;0.07;0.9973;7.2;5.0;3.32;1.0;1.4;0.21;-38.0;0.52
12.0;0.096;0.02;0.997;7.1;5.0;3.41;0.0;4.4;0.17;14.3;0.84
12.6;0.074;0.07;0.9973;7.2;5.0;3.32;1.0;1.4;0.01;-38.0;0.52
13.0;0.08;0.31;0.9978;7.5;15.0;3.31;0.0;1.6;0.04;46.2;0.42
11.6;0.076;0.06;0.9972;7.2;9.0;3.36;1.0;1.6;0.6;2.7;0.57
12.2;0.05;0.46;0.9974;10.1;5.0;3.04;1.0;1.8;0.69;-24.7;0.28
14.2;0.092;0.52;1.0;12.1;15.0;3.03;0.0;2.0;0.46;-102.6;0.4
13.7;0.084;0.14;0.9981;9.4;25.0;3.14;0.0;2.0;0.16;4.8;0.59
10.5;0.222;0.36;0.998;8.3;6.0;3.18;1.0;1.8;0.0;-14.4;0.49
16.2;0.082;0.45;0.9988;11.3;6.0;2.94;1.0;2.0;0.0;16.5;0.34
16.0;0.059;0.43;0.9966;10.0;15.0;3.15;0.0;2.3;0.17;-58.9;0.73
18.2;0.082;0.45;0.9988;11.3;6.0;2.94;1.0;2.0;0.0;-28.5;0.34
13.0;0.083;0.24;0.9959;6.9;30.0;3.26;0.0;2.5;0.0;49.5;0.4
16.5;0.074;0.21;0.9968;8.2;5.0;3.2;0.0;1.7;0.0;-11.7;0.73
15.5;0.079;0.34;0.998;9.8;32.0;3.15;0.0;2.0;0.0;166.1;1.24
18.5;0.074;0.21;0.9968;8.2;5.0;3.2;0.0;1.7;0.0;-11.7;0.73
14.3;0.084;0.41;0.9984;10.8;7.0;3.08;1.0;2.2;0.57;-15.3;0.4
12.2;0.064;0.39;0.9984;9.3;12.0;3.26;0.0;2.2;0.45;34.1;0.41
10.3;0.084;0.41;0.9984;10.8;7.0;3.08;1.0;2.2;0.17;18.7;0.4
10.9;0.084;0.11;0.9979;8.6;12.0;3.4;0.0;2.3;0.28;-27.9;0.8
12.0;0.081;0.1;0.9983;8.3;45.0;3.48;0.0;2.6;0.0;-165.3;0.78
16.6;0.06;0.45;0.9972;10.8;20.0;3.13;0.0;3.3;0.14;4.9;0.26
12.0;0.07;0.58;1.0004;13.3;15.0;3.06;0.0;1.9;0.0;-76.0;0.43
14.2;0.094;0.23;0.9962;8.0;16.0;3.21;1.0;2.2;0.19;2.9;0.45
13.8;0.078;0.31;0.998;8.5;32.0;3.33;0.0;2.25;0.04;-110.2;0.46
18.3;0.059;0.23;0.997;8.1;5.0;3.37;0.0;2.6;0.26;1.5;0.78
15.4;0.078;0.32;0.998;9.8;35.0;3.25;0.0;2.3;0.0;-288.8;0.98
18.3;0.059;0.23;0.997;8.1;5.0;3.37;0.0;2.6;0.0;-13.5;0.78
13.1;0.07;0.18;0.997;7.1;13.0;3.44;0.0;1.8;0.1;44.0;0.65
10.7;0.095;0.23;0.9998;9.1;13.0;3.28;0.0;3.1;0.0;41.8;0.64
18.4;0.039;0.04;0.9962;7.7;4.0;3.4;0.0;1.6;0.07;-17.1;0.66
13.4;0.157;0.48;0.9976;8.1;5.0;3.3;0.0;1.8;0.75;1.7;0.38
19.7;0.097;0.0;0.9966;7.4;5.0;3.63;0.0;4.25;0.24;15.4;1.185
13.8;0.087;0.24;0.9998;9.2;12.0;3.48;0.0;2.6;0.44;-83.7;0.92
15.0;0.422;0.51;0.9979;8.6;16.0;3.03;0.0;2.0;0.87;-117.8;0.49
16.4;0.084;0.32;0.9984;9.0;21.0;3.32;0.0;2.8;0.32;134.2;0.48
11.4;0.084;0.31;0.9984;9.0;24.0;3.31;0.0;2.7;0.31;137.5;0.47
18.8;0.034;0.02;0.9921;5.1;18.0;3.9;1.0;1.3;0.02;-83.6;0.47
10.5;0.066;0.02;0.9972;7.0;8.0;3.47;1.0;2.1;0.47;27.5;0.65
16.5;0.066;0.02;0.9972;7.0;8.0;3.47;1.0;2.1;0.0;-22.5;0.65
11.7;0.087;0.28;1.0001;9.4;18.0;3.31;0.0;3.2;0.0;7.2;0.615
14.8;0.071;0.55;0.9986;11.8;5.0;3.11;1.0;2.1;0.52;1.9;0.38
19.1;0.076;0.43;0.9984;10.6;26.0;3.08;1.0;2.9;0.47;8.8;1.02
17.5;0.066;0.02;0.9972;7.0;8.0;3.47;1.0;2.1;0.57;2.5;0.65
18.4;0.067;0.02;0.997;7.0;9.0;3.47;1.0;2.1;0.0;25.3;0.64
16.6;0.073;0.48;0.9972;7.5;22.0;3.32;0.0;2.6;0.2;-159.6;0.38
15.7;0.078;0.04;0.998;9.1;4.0;3.29;0.0;1.6;0.0;1.4;0.765
13.9;0.073;0.15;0.999;8.4;11.0;3.37;0.0;6.0;0.29;59.4;1.035
12.0;0.093;0.08;0.9956;7.0;10.0;3.4;0.0;2.0;0.07;20.9;0.78
16.5;0.077;0.19;0.9966;7.4;16.0;3.37;0.0;3.0;0.41;-70.3;0.49
12.6;0.068;0.12;0.996;7.8;11.0;3.34;1.0;2.5;0.41;3.5;0.545
16.0;0.062;0.47;0.9983;9.7;13.0;3.27;1.0;1.6;0.0;3.3;0.31
11.1;0.08;0.43;0.9985;10.6;21.0;3.06;0.0;2.8;0.07;-75.6;1.025
10.5;0.093;0.34;0.9998;8.9;16.0;3.38;0.0;3.0;0.0;-212.8;0.565
18.4;0.084;0.0;0.9992;8.7;13.0;3.36;0.0;3.2;0.25;36.3;0.69
13.4;0.075;0.36;0.9976;8.0;10.0;3.34;0.0;2.3;0.16;52.8;0.43
14.8;0.078;0.28;0.998;9.9;21.0;3.28;0.0;2.6;0.11;7.7;0.74
16.2;0.069;0.18;0.9967;7.2;13.0;3.29;1.0;2.7;0.28;-30.6;0.49
15.4;0.075;0.36;0.9976;8.0;10.0;3.34;0.0;2.3;0.0;-91.2;0.43
14.0;0.079;0.11;0.9968;7.6;12.0;3.21;0.0;2.6;0.37;53.9;0.46
10.6;0.082;0.04;0.9976;8.4;10.0;3.22;0.0;2.0;0.0;-19.8;0.56
13.5;0.086;0.0;0.9976;7.1;17.0;3.46;0.0;3.9;0.14;-85.5;0.66
18.6;0.082;0.04;0.9976;8.4;10.0;3.22;0.0;2.0;0.0;24.2;0.56
14.2;0.094;0.24;0.9982;8.9;35.0;3.1;0.0;2.85;0.0;10.6;0.48
18.0;0.084;0.08;0.9968;7.6;15.0;3.21;0.0;2.7;0.0;4.8;0.42
13.5;0.053;0.3;0.9965;7.1;36.0;2.94;0.0;2.2;0.72;-114.3;0.31
15.2;0.086;0.1;0.9958;7.5;5.0;3.54;0.0;3.1;0.0;-22.8;1.115
11.4;0.077;0.17;0.9976;9.0;5.0;3.29;0.0;3.0;0.15;14.3;0.66
13.1;0.084;0.09;0.9994;8.1;18.0;3.43;1.0;2.8;0.12;-44.1;0.72
18.5;0.067;0.02;0.997;6.4;4.0;3.46;0.0;1.8;0.18;-9.9;0.57
10.5;0.067;0.02;0.997;6.4;4.0;3.46;0.0;1.8;0.48;-20.9;0.57
19.7;0.071;0.03;0.995;6.4;27.0;3.61;1.0;3.2;0.0;63.8;0.865
17.6;0.387;0.66;0.9982;9.5;12.0;3.17;0.0;2.3;0.57;-70.3;0.55
17.5;0.088;0.13;0.9994;8.9;4.0;3.44;0.0;3.45;0.32;-26.6;0.875
13.6;0.092;0.03;0.9966;7.3;10.0;3.39;0.0;2.1;0.0;-36.1;0.835
14.5;0.082;0.34;0.998;7.0;16.0;3.55;0.0;2.7;0.3;-64.8;0.45
18.3;0.075;0.2;0.9987;7.7;9.0;3.48;0.0;2.0;0.0;-74.1;0.56
11.5;0.112;0.1;0.9963;7.7;11.0;3.26;0.0;2.1;0.4;-19.8;0.965
10.5;0.112;0.1;0.9963;7.7;11.0;3.26;0.0;2.1;0.0;-19.8;0.965
14.3;0.093;0.0;1.0002;8.2;19.0;3.5;1.0;2.5;0.0;5.8;0.59
16.2;0.092;0.23;0.9983;9.0;28.0;3.1;0.0;2.8;0.0;114.4;0.46
12.3;0.088;0.0;0.999;9.0;19.0;3.35;0.0;2.4;0.0;-72.2;0.69
18.5;0.075;0.29;0.9965;8.3;12.0;3.45;1.0;4.2;0.18;1.6;0.76
14.5;0.078;0.24;0.99788;9.2;28.0;3.21;0.0;2.6;0.47;-264.1;0.53
11.2;0.065;0.0;0.9972;6.5;9.0;3.46;0.0;1.9;0.0;1.8;0.615
13.0;0.096;0.58;1.00024;11.6;25.0;3.13;0.0;2.8;0.43;-90.9;0.41
11.5;0.095;0.54;1.0001;11.1;21.0;3.13;0.0;2.7;0.0;-191.9;0.39
12.5;0.07;0.18;0.99768;7.3;12.0;3.52;1.0;2.1;0.33;-53.2;0.51
12.0;0.08;0.38;0.9978;8.2;12.0;3.3;1.0;2.5;0.0;62.7;0.34
11.4;0.083;0.4;0.99782;8.6;16.0;3.3;0.0;2.6;0.28;-61.2;0.33
10.6;0.071;0.18;0.99761;7.2;12.0;3.52;1.0;2.1;0.32;-27.9;0.5
18.5;0.07;0.18;0.99768;7.3;12.0;3.52;1.0;2.1;0.0;30.8;0.51
11.5;0.089;0.1;0.99803;8.3;17.0;3.29;0.0;2.9;0.0;4.0;0.65
17.5;0.089;0.1;0.99803;8.3;17.0;3.29;0.0;2.9;0.45;-36.0;0.65
13.4;0.097;0.13;0.99785;7.6;24.0;3.39;0.0;2.5;0.0;-125.4;0.54
17.5;0.089;0.1;0.99803;8.3;17.0;3.29;0.0;2.9;0.35;44.0;0.65
12.1;0.415;0.68;0.99656;7.8;14.0;3.09;1.0;1.7;0.26;-60.8;0.48
13.7;0.058;0.07;0.99525;7.8;22.0;3.51;1.0;1.9;0.13;4.7;0.91
19.2;0.057;0.01;0.99488;6.3;15.0;3.6;1.0;2.0;0.16;-62.7;0.98
18.8;0.084;0.0;0.99656;8.1;10.0;3.25;0.0;2.2;0.0;-27.9;0.87
12.8;0.084;0.0;0.99656;8.1;10.0;3.25;0.0;2.2;0.0;-58.9;0.87
11.2;0.092;0.21;0.99823;8.8;33.0;3.19;0.0;2.5;0.0;-79.2;0.42
10.7;0.075;0.25;0.99779;9.0;9.0;3.23;0.0;2.8;0.0;10.4;0.58
11.6;0.096;0.26;0.99738;9.3;5.0;3.25;0.0;2.0;0.0;3.5;0.655
12.0;0.069;0.0;0.99701;8.8;8.0;3.31;1.0;1.7;0.23;1.9;0.7
14.6;0.096;0.26;0.99738;9.3;5.0;3.25;0.0;2.0;0.0;-31.5;0.655
11.5;0.093;0.11;0.99888;9.1;11.0;3.31;1.0;2.8;0.05;-83.6;0.68
12.5;0.091;0.1;0.99888;9.2;12.0;3.31;1.0;3.0;0.24;-43.2;0.67
13.4;0.089;0.18;0.99738;8.8;12.0;3.14;0.0;2.9;0.34;-140.6;0.59
18.5;0.103;0.32;0.99938;7.5;13.0;3.45;0.0;2.7;0.0;107.8;0.6
13.7;0.082;0.02;0.99744;7.1;24.0;3.55;1.0;2.3;0.0;103.4;0.59
18.6;0.076;0.01;0.99668;7.9;7.0;3.39;0.0;1.9;0.0;-60.8;0.72
13.7;0.082;0.02;0.99744;7.1;24.0;3.55;1.0;2.3;0.0;9.4;0.59
11.4;0.082;0.26;0.9978;9.4;23.0;3.28;0.0;2.4;0.35;-128.7;0.685
13.4;0.082;0.27;0.99782;9.5;23.0;3.27;0.0;2.3;0.15;-273.6;0.57
11.5;0.157;0.29;0.9973;7.9;1.0;3.3;1.0;1.8;0.22;-83.6;0.4
11.5;0.157;0.3;0.99727;7.9;2.0;3.31;1.0;1.8;0.81;-85.5;0.4
17.0;0.102;0.0;0.99586;7.2;7.0;3.43;0.0;3.0;0.0;17.6;1.0
11.3;0.243;0.18;0.99612;6.9;5.5;3.4;1.0;2.4;0.5;-43.2;0.765
11.3;0.241;0.17;0.9961;6.9;6.0;3.4;1.0;2.4;0.0;-16.2;0.635
12.5;0.079;0.3;0.99788;8.3;7.0;3.36;0.0;3.4;0.0;-30.6;0.43
18.8;0.076;0.03;0.99745;7.1;21.0;3.5;0.0;2.6;0.4;9.2;0.52
16.4;0.19;0.0;0.99676;7.0;12.0;3.31;1.0;2.0;0.3;49.5;0.57
18.8;0.114;0.14;0.99732;6.5;9.0;3.66;0.0;2.4;0.05;40.7;0.46
16.0;0.081;0.05;0.99814;9.0;26.0;3.36;0.0;2.4;0.0;105.6;0.82
18.8;0.114;0.14;0.99732;6.5;9.0;3.66;0.0;2.4;0.05;3.7;0.46
17.8;0.077;0.01;0.99746;7.1;20.0;3.55;0.0;2.5;0.09;-76.5;0.59
17.5;0.083;0.41;0.9982;9.9;11.0;3.21;0.0;2.3;0.0;6.1;0.35
12.5;0.083;0.41;0.9982;9.9;11.0;3.21;0.0;2.3;0.0;-54.9;0.35
13.1;0.079;0.24;0.9991;10.0;19.0;3.18;1.0;2.2;0.46;5.8;0.56
15.1;0.079;0.24;0.9991;10.0;19.0;3.18;1.0;2.2;0.0;63.8;0.56
18.3;0.099;0.17;0.998;8.6;21.0;3.09;0.0;2.9;0.0;11.9;0.63
15.7;0.082;0.43;0.99708;7.4;18.0;3.33;1.0;2.6;0.0;90.2;0.37
13.6;0.084;0.17;0.99818;8.8;25.0;3.23;0.0;2.9;0.0;-117.0;0.64
10.7;0.081;0.02;0.99745;7.1;17.0;3.48;1.0;2.5;0.4;-78.3;0.61
16.8;0.055;0.0;0.99639;7.7;7.0;3.38;0.0;2.6;0.0;-11.7;0.6
16.5;0.065;0.54;0.99531;10.1;7.0;3.17;1.0;2.3;0.13;-23.4;0.27
15.2;0.132;0.3;0.99786;10.8;7.0;2.99;0.0;2.6;0.38;6.0;0.89
18.6;0.126;0.31;0.99746;8.7;24.0;3.1;0.0;2.5;0.34;-121.6;0.46
18.8;0.038;0.44;0.99526;9.3;21.0;3.24;1.0;1.6;0.21;46.2;0.37
15.7;0.082;0.34;0.9987;9.4;5.0;3.29;1.0;3.6;0.02;15.4;0.5
19.7;0.082;0.34;0.9987;9.4;5.0;3.29;1.0;3.6;0.32;1.4;0.5
10.4;0.082;0.08;0.99641;7.2;26.0;3.25;0.0;4.0;0.11;10.8;0.61
17.0;0.068;0.09;0.99735;8.6;8.0;3.23;0.0;3.3;0.24;1.7;0.55
20.9;0.044;0.0;0.99264;5.1;14.0;3.56;1.0;1.7;0.14;94.6;0.585
12.6;0.114;0.08;0.9971;7.7;14.0;3.24;1.0;2.5;0.26;4.6;0.56
18.9;0.084;0.22;0.99682;8.4;4.0;3.26;1.0;2.7;0.0;-34.2;0.52
18.8;0.052;0.4;0.99356;8.2;4.0;3.33;1.0;2.4;0.5;11.0;0.28
21.5;0.041;0.39;0.99386;8.4;4.0;3.27;1.0;2.0;0.61;-9.0;0.25
13.8;0.052;0.4;0.99356;8.2;4.0;3.33;1.0;2.4;0.0;-9.0;0.28
14.2;0.165;0.12;0.99702;7.4;4.0;3.26;0.0;1.9;0.36;-22.8;0.53
19.3;0.07;0.31;0.99693;7.6;4.0;3.22;1.0;2.8;0.35;-13.5;0.48
18.5;0.068;0.1;0.99562;7.3;4.0;3.3;0.0;2.6;0.0;-12.6;0.49
17.9;0.072;0.55;1.00012;12.9;7.0;3.09;1.0;2.8;0.38;-45.6;0.5
19.8;0.099;0.33;0.99818;10.8;20.0;3.24;0.0;2.5;0.11;-72.2;0.45
16.4;0.102;0.24;0.99462;6.9;4.0;3.44;0.0;2.1;0.0;7.7;0.39
12.3;0.103;0.54;0.99939;12.6;19.0;3.21;1.0;2.8;0.36;4.1;0.41
14.8;0.099;0.33;0.99818;10.8;20.0;3.24;0.0;2.5;0.61;3.8;0.45
14.5;0.081;0.19;0.9984;9.8;8.0;3.23;1.0;3.2;0.0;-27.0;0.51
15.9;0.084;0.42;0.99545;10.8;19.0;3.28;1.0;1.6;0.33;-24.3;0.29
10.4;0.071;0.0;0.99632;7.1;21.0;3.29;0.0;2.35;0.15;-89.3;0.715
13.6;0.097;0.15;0.99976;9.1;9.0;3.28;0.0;3.2;0.14;64.9;0.66
18.7;0.099;0.0;0.99606;7.0;9.0;3.34;0.0;1.9;0.0;-19.8;0.685
21.0;0.048;0.0;0.99154;4.9;16.0;3.71;1.0;2.1;0.04;-37.8;0.42
18.8;0.076;0.13;0.9973;6.7;15.0;3.61;0.0;2.0;0.44;39.6;0.54
11.8;0.076;0.13;0.9973;6.7;15.0;3.61;0.0;2.0;0.44;-68.4;0.54
17.3;0.068;0.28;0.99682;7.1;6.0;3.24;0.0;2.8;0.23;-30.4;0.48
15.7;0.076;0.14;0.99624;7.1;15.0;3.36;0.0;2.8;0.19;3.7;0.46
19.0;0.05;0.34;0.9951;7.5;4.0;3.4;1.0;2.3;0.0;8.8;0.27
14.7;0.076;0.14;0.99624;7.1;15.0;3.36;0.0;2.8;0.39;-70.3;0.46
15.7;0.065;0.09;0.99417;7.8;34.0;3.46;1.0;2.3;0.64;-85.5;0.57
13.1;0.071;0.08;0.99376;5.9;16.0;3.56;1.0;2.1;0.67;-21.6;0.61
15.9;0.058;0.07;0.99632;7.5;5.0;3.38;0.0;2.5;0.05;0.9;0.685
20.1;0.071;0.08;0.99376;5.9;16.0;3.56;1.0;2.1;0.57;-21.6;0.61
10.9;0.145;0.42;0.99832;10.4;34.0;3.38;0.0;1.5;0.46;-91.2;0.44
11.9;0.147;0.44;0.99836;11.6;36.0;3.38;0.0;1.6;0.46;-45.9;0.47
13.4;0.088;0.26;0.99694;8.8;16.0;3.32;0.0;1.6;0.37;2.3;0.685
10.3;0.066;0.1;0.99655;7.6;27.0;3.39;0.0;1.5;0.0;60.5;0.665
15.7;0.012;0.28;0.99064;6.7;36.0;3.26;1.0;2.4;0.29;110.0;0.28
15.7;0.012;0.28;0.99064;6.7;36.0;3.26;1.0;2.4;0.0;110.0;0.28
12.2;0.075;0.35;0.99672;10.1;9.0;3.24;1.0;1.6;0.73;-25.2;0.31
16.0;0.092;0.04;0.99647;6.0;13.0;3.46;0.0;2.2;0.0;28.6;0.5
19.1;0.085;0.47;0.99736;11.1;9.0;3.24;1.0;2.65;0.0;-64.6;0.42
14.3;0.115;0.0;0.99629;6.6;21.0;3.45;0.0;3.0;0.03;-27.9;0.66
14.9;0.119;0.45;0.99708;10.6;34.0;3.23;1.0;2.6;0.0;6.8;0.5
17.4;0.088;0.35;0.9963;7.1;9.0;3.28;0.0;2.0;0.0;-174.8;0.685
19.6;0.062;0.46;0.9959;9.9;26.0;3.18;1.0;1.7;0.0;4.2;0.25
10.8;0.081;0.21;0.99689;6.4;14.0;3.59;0.0;1.8;0.16;-27.9;0.64
13.8;0.081;0.21;0.99689;6.4;14.0;3.59;0.0;1.8;0.0;34.1;0.64
15.9;0.078;0.16;0.9977;7.4;12.0;3.5;1.0;1.8;0.6;3.9;0.68
12.8;0.081;0.21;0.99689;6.4;14.0;3.59;0.0;1.8;0.06;-27.9;0.64
10.8;0.08;0.21;0.99689;6.4;12.0;3.58;0.0;1.6;0.0;-28.8;0.63
16.5;0.085;0.44;0.99708;9.3;9.0;3.28;0.0;1.9;0.25;-19.8;0.43
14.5;0.085;0.44;0.99708;9.3;9.0;3.28;0.0;1.9;0.35;-19.8;0.43
11.7;0.08;0.32;0.99801;8.0;26.0;3.22;0.0;2.5;0.67;-109.8;0.42
18.9;0.08;0.39;0.99652;9.3;41.0;3.47;1.0;1.5;0.0;-104.5;0.36
13.9;0.08;0.39;0.99652;9.3;41.0;3.47;1.0;1.5;0.03;60.5;0.36
17.7;0.071;0.02;0.99538;7.6;10.0;3.51;1.0;2.5;0.31;-12.6;0.735
13.9;0.08;0.39;0.99652;9.3;41.0;3.47;1.0;1.5;0.03;60.5;0.36
17.3;0.073;0.34;0.99594;8.2;16.0;3.4;1.0;2.5;0.28;-42.3;0.26
12.6;0.054;0.47;0.99686;11.7;17.0;3.15;1.0;1.7;0.0;3.2;0.28
16.2;0.074;0.22;0.99438;6.8;15.0;3.4;1.0;1.8;0.0;-21.6;0.56
14.5;0.077;0.06;0.99746;7.2;15.0;3.51;0.0;2.7;0.0;-76.5;0.62
14.5;0.039;0.66;0.99357;5.8;15.0;3.66;1.0;2.0;0.0;96.8;1.01
17.4;0.067;0.32;0.99628;7.5;7.0;3.24;0.0;2.7;0.0;-22.5;0.42
13.7;0.078;0.06;0.99746;7.2;17.0;3.51;0.0;2.5;0.0;-159.6;0.62
14.5;0.077;0.06;0.99746;7.2;15.0;3.51;0.0;2.7;0.34;8.5;0.62
16.7;0.077;0.07;0.99748;7.2;16.0;3.51;0.0;2.6;0.14;-163.4;0.635
18.3;0.071;0.22;0.99438;6.8;13.0;3.41;1.0;2.3;0.33;2.4;0.49
17.2;0.072;0.23;0.99438;6.9;13.0;3.4;1.0;2.0;0.34;2.2;0.51
18.2;0.074;0.22;0.99438;6.8;15.0;3.4;1.0;1.8;0.12;26.4;0.56
18.9;0.08;0.03;0.99578;7.6;27.0;3.44;1.0;2.0;0.24;-38.7;0.63
12.8;0.064;0.01;0.99371;7.7;31.0;3.41;1.0;2.1;0.0;-81.7;0.715
18.6;0.086;0.03;0.99522;6.9;36.0;3.53;0.0;1.5;0.37;-87.4;0.56
11.0;0.067;0.24;0.99576;7.3;28.0;3.43;0.0;2.0;0.44;52.8;0.35
19.1;0.067;0.37;0.99552;9.1;6.0;3.23;1.0;1.6;0.0;-19.0;0.21
20.8;0.104;0.46;0.99664;10.4;6.0;3.12;1.0;2.1;0.0;11.0;0.38
16.8;0.109;0.4;0.99614;8.8;7.0;3.31;1.0;2.8;0.29;-30.4;0.31
16.9;0.067;0.0;0.99517;7.1;7.0;3.4;0.0;2.2;0.18;-26.6;0.47
12.8;0.064;0.01;0.99371;7.7;31.0;3.41;1.0;2.1;0.0;-38.7;0.715
14.0;0.094;0.19;0.99787;8.8;30.0;3.22;1.0;4.0;0.0;75.9;0.61
16.5;0.076;0.04;0.99745;7.2;18.0;3.53;0.0;2.5;0.0;-79.2;0.6
18.9;0.078;0.18;0.99576;9.2;10.0;3.15;0.0;1.6;0.0;-39.9;0.56
16.4;0.068;0.0;0.99533;7.6;30.0;3.48;1.0;2.1;0.0;3.5;0.715
13.0;0.194;0.29;0.99536;8.4;14.0;3.22;1.0;3.1;0.68;28.6;0.31
11.5;0.076;0.04;0.99745;7.2;18.0;3.53;0.0;2.5;0.35;8.8;0.6
15.0;0.094;0.19;0.99787;8.8;30.0;3.22;1.0;4.0;0.0;-62.1;0.61
15.5;0.086;0.14;0.99824;8.9;9.0;3.34;0.0;2.5;0.44;-27.0;0.75
16.4;0.083;0.12;0.99836;9.0;8.0;3.33;1.0;2.4;0.0;-25.2;0.8
18.1;0.066;0.38;0.99577;10.7;29.0;3.15;1.0;2.6;0.69;61.6;0.52
19.2;0.072;0.0;0.99491;6.8;32.0;3.43;1.0;2.5;0.0;70.4;0.57
13.3;0.112;0.34;1.00289;10.7;23.0;3.22;0.0;6.6;0.58;108.9;0.9
11.1;0.071;0.24;0.99576;7.2;30.0;3.44;0.0;2.0;0.48;-46.8;0.34
15.7;0.078;0.03;0.99743;7.2;16.0;3.53;0.0;2.3;0.47;-163.4;0.66
13.3;0.082;0.23;0.99774;10.1;10.0;3.22;1.0;1.9;0.0;1.8;0.45
13.7;0.078;0.03;0.99743;7.2;16.0;3.53;0.0;2.3;0.0;94.6;0.66
16.8;0.08;0.03;0.99745;7.2;17.0;3.53;1.0;2.2;0.08;-167.2;0.63
11.7;0.08;0.01;0.9955;7.1;27.0;3.42;1.0;2.3;0.0;47.3;0.59
17.5;0.078;0.39;0.99444;8.3;17.0;3.31;1.0;2.4;0.0;47.3;0.31
16.7;0.08;0.01;0.9955;7.1;27.0;3.42;1.0;2.3;0.0;47.3;0.59
17.5;0.078;0.39;0.99444;8.3;17.0;3.31;1.0;2.4;0.67;-38.7;0.31
19.0;0.084;0.02;0.99892;8.3;6.0;3.48;0.0;3.4;0.09;-9.9;1.02
20.8;0.056;0.36;0.99562;8.9;10.0;3.4;0.0;2.6;0.0;3.9;0.31
12.8;0.08;0.1;0.99736;7.4;16.0;3.58;1.0;2.4;0.19;-62.7;0.635
19.8;0.08;0.1;0.99736;7.4;16.0;3.58;1.0;2.4;0.0;-62.7;0.635
17.8;0.06;0.06;0.9962;6.8;11.0;3.41;1.0;6.0;0.0;-34.2;0.59
11.8;0.06;0.06;0.9962;6.8;11.0;3.41;1.0;6.0;0.29;-34.2;0.59
11.5;0.081;0.2;0.998;9.2;15.0;3.23;0.0;3.0;0.0;-218.5;0.58
16.0;0.084;0.27;0.9964;7.2;12.0;3.39;0.0;2.6;0.51;7.8;0.54
16.5;0.079;0.0;0.9948;6.1;6.0;3.59;1.0;2.2;0.44;9.9;0.56
15.8;0.078;0.13;0.99528;7.4;34.0;3.43;1.0;2.4;0.0;-54.9;0.52
13.5;0.059;0.39;0.99331;7.3;7.0;3.29;1.0;1.2;0.02;-20.9;0.305
22.2;0.132;0.48;0.99577;9.3;3.0;3.23;1.0;3.8;0.0;-9.9;0.38
16.9;0.114;0.46;0.99901;9.1;3.0;3.18;1.0;9.0;0.4;9.9;0.28
13.2;0.065;0.44;0.99674;10.0;4.0;3.33;1.0;2.9;0.32;8.8;0.46
16.2;0.094;0.46;0.99639;9.4;3.0;3.27;1.0;4.6;0.0;11.0;0.395
20.5;0.059;0.39;0.99331;7.3;7.0;3.29;1.0;1.2;0.0;-20.9;0.305
20.9;0.079;0.4;0.99512;8.6;3.0;3.27;1.0;2.2;0.27;-5.4;0.315
13.0;0.161;0.19;0.99395;5.3;7.0;3.62;0.0;1.5;0.01;68.2;0.715
14.1;0.084;0.31;0.99824;6.8;26.0;3.38;1.0;8.8;0.24;-85.5;0.41
12.0;0.081;0.32;0.9964;8.4;32.0;3.3;1.0;2.2;0.32;7.9;0.36
19.8;0.072;0.12;0.99504;8.4;38.0;3.38;1.0;1.8;0.0;50.6;0.62
18.5;0.091;0.37;0.99786;9.6;10.0;3.24;0.0;2.3;0.0;2.3;0.41
13.0;0.081;0.32;0.9964;8.4;32.0;3.3;1.0;2.2;0.0;-150.1;0.36
14.8;0.072;0.12;0.99504;8.4;38.0;3.38;1.0;1.8;0.49;50.6;0.62
17.1;0.084;0.31;0.99824;6.8;26.0;3.38;1.0;8.8;0.44;49.5;0.41
15.2;0.055;0.27;0.99516;8.6;14.0;3.18;0.0;2.3;0.1;-53.2;0.47
20.0;0.064;0.36;0.99604;8.6;53.0;3.47;1.0;1.9;0.17;84.7;0.22
11.2;0.061;0.33;0.99786;9.4;52.0;3.47;1.0;2.3;0.7;-138.7;0.24
17.2;0.093;0.19;0.99736;8.4;11.0;3.2;0.0;2.2;0.39;7.5;0.67
19.2;0.055;0.27;0.99516;8.6;14.0;3.18;0.0;2.3;0.0;30.8;0.47
21.0;0.063;0.38;0.99468;8.7;10.0;3.3;1.0;3.3;0.63;-36.1;0.33
18.5;0.08;0.01;0.99746;6.6;8.0;3.69;0.0;1.9;0.43;-47.5;0.61
16.8;0.074;0.01;0.99748;7.4;13.0;3.48;0.0;2.0;0.0;41.8;0.61
16.5;0.078;0.29;0.9971;7.6;29.0;3.45;1.0;1.9;0.09;-125.4;0.4
15.8;0.074;0.01;0.99748;7.4;13.0;3.48;0.0;2.0;0.55;41.8;0.61
17.5;0.08;0.01;0.99746;6.6;8.0;3.69;0.0;1.9;0.53;27.5;0.61
20.8;0.06;0.38;0.99543;8.8;19.0;3.39;1.0;2.3;0.22;-64.8;0.3
15.8;0.06;0.38;0.99543;8.8;19.0;3.39;1.0;2.3;0.0;79.2;0.3
15.4;0.071;0.5;0.99791;12.0;6.0;3.07;0.0;1.4;0.3;-23.4;0.63
14.9;0.068;0.38;0.99356;7.2;23.0;3.34;1.0;2.8;0.52;4.2;0.38
16.4;0.073;0.17;0.99425;6.2;7.0;3.61;0.0;1.6;0.14;-20.9;0.46
14.4;0.074;0.52;0.99509;9.6;13.0;3.36;1.0;2.2;0.0;-22.5;0.33
15.5;0.082;0.49;0.99484;9.9;9.0;3.19;1.0;5.0;0.0;-32.3;0.27
14.0;0.092;0.4;0.99834;10.1;13.0;3.22;1.0;2.6;0.24;57.2;0.43
13.7;0.094;0.34;0.99864;9.8;10.0;3.24;1.0;2.3;0.0;4.5;0.5
15.1;0.09;0.49;0.99498;8.3;11.0;3.27;1.0;3.8;0.54;-45.6;0.3
16.1;0.071;0.42;0.99566;10.2;7.0;3.14;1.0;2.0;0.69;-18.0;0.44
14.0;0.092;0.58;0.99745;10.2;11.0;3.29;1.0;4.1;0.89;26.4;0.44
19.4;0.093;0.48;0.99408;8.3;6.0;3.26;1.0;2.1;0.12;13.2;0.28
16.9;0.075;0.45;0.99552;8.9;10.0;3.41;1.0;1.8;0.56;-39.9;0.12
16.9;0.075;0.45;0.99552;8.9;10.0;3.41;1.0;1.8;0.46;23.1;0.12
18.9;0.075;0.45;0.99552;8.9;10.0;3.41;1.0;1.8;0.36;23.1;0.12
14.4;0.093;0.48;0.99408;8.3;6.0;3.26;1.0;2.1;0.0;-10.8;0.28
18.2;0.058;0.4;0.99536;8.2;6.0;3.31;1.0;2.2;0.0;-19.0;0.31
13.1;0.052;0.48;0.99458;10.2;5.0;3.2;1.0;2.1;0.0;-8.1;0.34
18.2;0.082;0.4;0.99538;7.6;6.0;3.44;1.0;2.7;0.0;-9.9;0.43
18.4;0.09;0.52;0.99648;8.5;9.0;3.36;0.0;1.9;0.47;2.3;0.21
18.3;0.111;0.52;0.99568;9.0;5.0;3.31;1.0;2.1;0.32;-9.0;0.36
17.1;0.088;0.52;0.99613;9.5;12.0;3.29;1.0;2.0;0.08;5.1;0.37
12.3;0.12;0.12;0.99519;6.4;25.0;3.47;1.0;2.3;0.41;3.6;0.57
12.0;0.089;0.05;0.99735;8.0;12.0;3.36;0.0;2.0;0.51;3.2;0.59
15.1;0.058;0.27;0.99518;8.5;18.0;3.16;1.0;1.9;0.0;41.8;0.47
12.3;0.078;0.14;0.99592;7.1;7.0;3.27;0.0;1.6;0.22;19.8;0.56
15.5;0.115;0.02;0.99654;6.6;6.0;3.38;0.0;2.1;0.49;-14.4;0.57
12.2;0.1;0.39;0.99546;8.8;20.0;3.15;1.0;2.0;0.29;2.7;0.27
20.1;0.058;0.27;0.99518;8.5;18.0;3.16;1.0;1.9;0.75;-72.2;0.47
18.0;0.065;0.4;0.99554;8.3;24.0;3.34;1.0;2.4;0.0;52.8;0.34
13.9;0.103;0.41;0.99604;9.0;6.0;3.13;1.0;2.4;0.0;-19.0;0.38
13.2;0.097;0.2;0.99733;8.5;23.0;3.13;0.0;2.1;0.08;-101.7;0.66
20.2;0.068;0.43;0.9943;9.0;29.0;3.2;1.0;2.4;0.0;-87.4;0.4
17.2;0.079;0.09;0.99669;6.7;7.0;3.46;0.0;2.9;0.01;24.2;0.56
15.9;0.066;0.48;0.99724;10.4;6.0;3.33;1.0;1.9;0.07;-9.0;0.26
13.9;0.066;0.48;0.99724;10.4;6.0;3.33;1.0;1.9;0.57;-9.0;0.26
15.6;0.104;0.5;0.99643;10.1;6.0;3.22;1.0;2.4;0.35;-24.7;0.38
18.7;0.079;0.44;0.99605;8.5;6.0;3.52;0.0;1.7;0.0;-22.8;0.34
17.1;0.073;0.41;0.99658;8.8;7.0;3.3;1.0;5.9;0.12;14.3;0.33
13.4;0.083;0.3;0.997;7.2;35.0;3.44;0.0;2.1;0.0;-64.8;0.41
15.4;0.083;0.3;0.997;7.2;35.0;3.44;0.0;2.1;0.32;-136.8;0.41
16.1;0.109;0.29;0.99801;8.4;31.0;3.15;0.0;2.6;0.4;130.9;0.59
19.3;0.061;0.32;0.99416;7.0;9.0;3.28;1.0;3.6;0.0;-55.1;0.4
16.4;0.075;0.49;0.9969;12.2;3.0;3.13;0.0;1.4;0.53;0.6;0.45
17.5;0.065;0.3;0.99774;9.1;8.0;3.32;1.0;1.9;0.41;18.7;0.5
15.0;0.079;0.26;0.99712;9.5;13.0;3.25;0.0;1.9;0.52;-25.2;0.86
17.9;0.07;0.32;0.99418;7.3;51.0;3.34;1.0;2.1;0.72;-63.0;0.52
13.5;0.065;0.3;0.99774;9.1;8.0;3.32;1.0;1.9;0.51;18.7;0.5
16.4;0.075;0.49;0.9969;12.2;3.0;3.13;0.0;1.4;0.13;0.6;0.45
17.3;0.064;0.0;0.99562;7.4;7.0;3.45;1.0;2.0;0.18;-9.9;0.58
12.4;0.066;0.39;0.9947;9.8;3.0;3.19;1.0;1.4;0.25;7.7;0.34
14.4;0.08;0.3;0.99693;7.1;35.0;3.44;0.0;1.6;0.2;77.0;0.36
12.4;0.097;0.12;0.99596;7.7;19.0;3.16;0.0;1.7;0.29;2.7;0.39
19.9;0.073;0.4;0.99556;9.7;14.0;3.14;1.0;1.5;0.11;-18.9;0.295
10.4;0.097;0.12;0.99596;7.7;19.0;3.16;0.0;1.7;0.0;29.7;0.39
18.4;0.082;0.28;0.99694;7.1;31.0;3.45;0.0;2.0;0.08;6.8;0.34
18.4;0.076;0.1;0.99554;6.5;30.0;3.36;1.0;2.0;0.28;4.7;0.4
15.4;0.082;0.28;0.99694;7.1;31.0;3.45;0.0;2.0;0.28;-61.2;0.34
12.4;0.092;0.45;0.99918;10.0;20.0;3.15;0.0;2.5;0.0;96.8;0.35
14.1;0.079;0.06;0.99697;7.7;19.0;3.39;1.0;2.0;0.52;-77.9;0.6
13.8;0.087;0.0;0.99378;5.6;3.0;3.71;1.0;2.2;0.0;-20.9;0.66
18.8;0.087;0.0;0.99378;5.6;3.0;3.71;1.0;2.2;0.03;1.1;0.66
13.1;0.05;0.34;0.99554;8.9;4.0;3.12;1.0;1.4;0.08;-9.0;0.84
19.9;0.055;0.0;0.99162;6.4;7.0;3.47;1.0;1.65;0.0;13.2;0.69
20.5;0.062;0.3;0.99495;7.5;6.0;3.44;1.0;2.2;0.0;-10.8;0.43
11.6;0.058;0.38;0.99676;9.9;31.0;3.26;1.0;1.5;0.62;-42.3;0.35
18.7;0.063;0.33;0.99516;9.1;13.0;3.26;1.0;2.05;0.74;2.7;0.29
14.8;0.067;0.32;0.9928;6.8;4.0;3.36;1.0;1.8;0.05;-15.2;0.36
16.3;0.081;0.29;0.99603;8.2;27.0;3.25;0.0;1.6;0.14;-85.5;0.43
21.8;0.067;0.32;0.9928;6.8;4.0;3.36;1.0;1.8;0.0;0.8;0.36
13.7;0.063;0.33;0.99516;9.1;13.0;3.26;1.0;2.05;0.74;-24.3;0.29
15.7;0.064;0.34;0.99516;9.1;12.0;3.26;1.0;2.0;0.34;-47.5;0.3
15.0;0.11;0.4;0.99549;8.9;12.0;3.23;1.0;3.6;0.3;-21.6;0.35
16.9;0.116;0.36;0.99722;9.6;26.0;3.18;0.0;2.8;0.08;60.5;0.5
17.3;0.067;0.45;0.99354;8.9;7.0;3.25;1.0;1.7;0.25;-10.8;0.28
13.4;0.088;0.31;0.9957;8.9;12.0;3.17;1.0;2.0;0.05;20.9;0.32
17.0;0.102;0.15;0.99604;7.7;11.0;3.23;0.0;2.1;0.0;35.2;1.005
16.0;0.092;0.0;0.99635;7.5;22.0;3.38;1.0;1.6;0.0;3.1;0.71
13.2;0.12;0.16;0.99454;8.0;3.0;3.22;1.0;2.0;0.0;-13.3;0.58
15.4;0.075;0.46;0.99598;10.5;14.0;3.06;1.0;2.2;0.0;2.7;0.39
19.6;0.068;0.4;0.99486;8.9;12.0;3.27;1.0;2.2;0.25;-25.2;0.38
13.7;0.049;0.37;0.99007;8.0;36.0;2.89;1.0;0.9;0.0;119.9;0.18
20.7;0.049;0.37;0.99007;8.0;36.0;2.89;1.0;0.9;0.24;-207.1;0.18
19.4;0.078;0.14;0.99636;7.0;10.0;3.53;0.0;1.8;0.0;25.3;0.5
16.9;0.123;0.66;0.99642;11.3;3.0;3.2;1.0;2.4;0.33;0.8;0.36
18.9;0.123;0.66;0.99642;11.3;3.0;3.2;1.0;2.4;0.0;-15.2;0.36
17.5;0.062;0.09;0.99584;7.0;4.0;3.35;0.0;2.1;0.34;0.9;0.51
17.3;0.098;0.42;0.99506;8.2;3.0;3.27;1.0;2.3;0.45;-8.1;0.32
19.5;0.088;0.01;0.99568;7.7;12.0;3.32;1.0;1.8;0.46;-34.2;0.58
16.4;0.095;0.0;0.99822;8.6;17.0;3.33;1.0;2.8;0.2;-38.7;0.83
15.6;0.066;0.32;0.99364;7.9;14.0;3.41;1.0;1.9;0.16;-32.4;0.31
13.6;0.065;0.0;0.99378;6.4;28.0;3.49;0.0;2.2;0.0;-46.8;0.795
13.1;0.075;0.21;0.99586;7.2;41.0;3.37;1.0;2.5;0.0;-61.2;0.34
15.5;0.088;0.01;0.99568;7.7;12.0;3.32;1.0;1.8;0.16;1.8;0.58
18.5;0.091;0.0;0.99488;7.1;9.0;3.42;1.0;2.1;0.35;-12.6;0.59
13.0;0.093;0.01;0.99514;7.3;9.0;3.35;1.0;1.8;0.0;1.5;0.55
16.6;0.095;0.0;0.99854;8.1;5.0;3.36;0.0;4.1;0.03;15.4;0.82
17.4;0.089;0.08;0.99592;7.5;14.0;3.3;1.0;2.6;0.39;29.7;0.57
11.7;0.077;0.18;0.99739;8.9;15.0;3.2;1.0;2.5;0.37;52.8;0.745
18.6;0.085;0.34;0.99683;10.1;5.0;3.17;1.0;2.4;0.35;18.7;0.37
13.5;0.082;0.34;0.99356;7.6;26.0;3.22;1.0;2.5;0.09;-31.5;0.31
17.2;0.074;0.1;0.99672;7.3;20.0;3.35;0.0;1.8;0.06;61.6;0.91
17.6;0.078;0.41;0.9953;8.7;25.0;3.24;1.0;6.2;0.07;-37.8;0.41
12.1;0.088;0.21;0.99692;8.9;21.0;3.33;1.0;2.2;0.73;3.9;0.5
13.2;0.088;0.0;0.99756;7.4;16.0;3.58;0.0;2.2;0.37;35.2;0.965
11.8;0.079;0.19;0.99547;6.9;13.0;3.38;1.0;1.7;0.44;2.6;0.49
17.1;0.088;0.21;0.99692;8.9;21.0;3.33;1.0;2.2;0.73;-74.1;0.5
18.9;0.069;0.41;0.99859;9.5;18.0;3.29;1.0;8.9;0.11;42.9;0.39
21.2;0.046;0.33;0.99294;6.4;12.0;3.36;1.0;3.3;0.52;58.3;0.39
13.4;0.07;0.0;0.99438;6.9;32.0;3.32;1.0;1.4;0.08;-34.2;0.44
16.7;0.076;0.0;0.99612;7.6;33.0;3.31;1.0;1.7;0.0;4.5;0.78
19.4;0.082;0.17;0.99634;7.1;27.0;3.49;0.0;1.8;0.14;5.1;0.43
11.9;0.081;0.36;0.99702;9.3;3.0;3.27;1.0;1.7;0.18;1.4;0.49
17.8;0.084;0.36;0.99704;9.3;6.0;3.27;1.0;1.8;0.07;-15.3;0.5
12.4;0.082;0.17;0.99634;7.1;27.0;3.49;0.0;1.8;0.0;56.1;0.43
16.2;0.414;0.59;0.99702;8.5;16.0;3.03;0.0;1.4;0.84;49.5;0.46
18.9;0.073;0.05;0.99258;5.6;19.0;3.56;0.0;2.4;0.25;27.5;0.605
15.7;0.07;0.42;0.99426;8.3;9.0;3.38;1.0;2.3;0.17;-18.0;0.33
17.1;0.095;0.27;0.99747;8.2;5.0;3.13;1.0;2.0;0.42;-69.3;0.64
11.1;0.095;0.27;0.99747;8.2;5.0;3.13;1.0;2.0;0.22;84.7;0.64
17.1;0.101;0.53;0.99586;8.9;3.0;3.21;1.0;4.0;0.49;1.0;0.48
18.1;0.104;0.25;0.99784;7.6;28.0;3.15;0.0;3.9;0.07;99.0;0.42
13.6;0.093;0.57;0.9971;9.9;30.0;3.19;1.0;2.4;0.26;-98.8;0.53
14.1;0.101;0.53;0.99586;8.9;3.0;3.21;1.0;4.0;0.09;-19.0;0.48
10.9;0.074;0.57;0.9981;11.6;3.0;3.14;1.0;1.8;0.4;0.8;0.23
13.5;0.071;0.5;0.99462;9.1;7.0;3.21;1.0;1.8;0.09;-30.4;0.4
14.4;0.098;0.44;0.9956;8.0;6.0;3.3;1.0;1.9;0.0;-13.5;0.38
16.8;0.075;0.65;0.99565;10.2;6.0;3.22;1.0;2.4;0.43;-32.3;0.29
16.8;0.067;0.09;0.99418;8.2;5.0;3.28;1.0;2.0;0.47;-9.0;0.74
16.2;0.083;0.18;0.9963;7.7;6.0;3.29;1.0;2.4;0.2;-38.0;0.61
19.5;0.07;0.08;0.99358;6.6;13.0;3.4;1.0;2.4;0.12;-23.4;0.52
11.9;0.06;0.53;0.99572;11.1;3.0;3.02;1.0;2.2;0.13;1.0;0.31
14.9;0.06;0.53;0.99572;11.1;3.0;3.02;1.0;2.2;0.0;11.0;0.31
19.8;0.086;0.35;0.997;8.0;28.0;3.31;0.0;2.8;0.0;-98.8;0.62
14.1;0.057;0.45;0.99498;9.3;19.0;3.18;1.0;1.5;0.39;-33.3;0.33
18.2;0.098;0.2;0.99892;7.5;30.0;3.2;0.0;8.1;0.28;-174.8;0.77
18.5;0.083;0.26;0.9968;7.2;33.0;3.4;1.0;1.8;0.0;-142.5;0.35
14.7;0.088;0.33;0.9972;8.0;16.0;3.31;1.0;2.7;0.38;-70.3;0.62
15.2;0.098;0.2;0.99892;7.5;30.0;3.2;0.0;8.1;0.38;101.2;0.77
14.2;0.071;0.34;0.99769;9.1;45.0;3.44;1.0;2.0;0.66;-127.3;0.25
20.4;0.073;0.56;0.99534;9.9;3.0;3.15;1.0;2.0;0.23;-7.2;0.32
12.0;0.08;0.65;0.99817;8.6;3.0;3.27;0.0;6.4;0.18;-7.2;0.37
20.0;0.08;0.65;0.99817;8.6;3.0;3.27;0.0;6.4;0.48;-15.2;0.37
18.3;0.05;0.68;0.99316;7.9;37.5;3.01;1.0;8.3;0.31;-250.2;0.3
18.8;0.047;0.56;0.99471;10.3;3.0;3.16;1.0;1.4;0.31;0.8;0.27
15.3;0.05;0.68;0.99316;7.9;37.5;3.01;1.0;8.3;0.31;-260.1;0.3
11.5;0.073;0.3;0.99685;7.2;31.0;3.42;1.0;1.8;0.0;7.0;0.38
14.0;0.072;0.45;0.99617;8.7;32.0;3.33;1.0;2.4;0.0;-53.1;0.42
17.5;0.073;0.3;0.99685;7.2;31.0;3.42;1.0;1.8;0.0;-63.0;0.38
10.6;0.074;0.08;0.99529;6.8;40.0;3.12;0.0;1.8;0.39;6.4;0.48
14.6;0.055;0.4;0.99738;8.5;3.0;3.38;1.0;4.7;0.56;-8.1;0.34
19.2;0.057;0.42;0.994;7.9;18.0;3.29;1.0;1.6;0.0;-27.0;0.19
12.9;0.095;0.54;0.99735;11.6;22.0;3.02;1.0;1.5;0.0;-36.9;0.41
11.9;0.095;0.54;0.99735;11.6;22.0;3.02;1.0;1.5;0.06;45.1;0.41
16.8;0.083;0.54;0.99451;10.0;42.0;2.98;1.0;1.9;0.0;-66.6;0.26
20.4;0.086;0.42;0.99546;7.9;8.0;3.35;1.0;2.0;0.5;1.9;0.34
19.5;0.081;0.09;0.99479;7.0;10.0;3.43;1.0;2.0;0.19;-14.4;0.54
13.0;0.079;0.36;0.99615;9.2;11.0;3.33;1.0;2.2;0.56;34.1;0.31
15.8;0.117;0.09;0.99655;6.6;9.0;3.35;1.0;5.5;0.0;18.7;0.725
11.5;0.087;0.47;0.99772;9.4;6.0;3.15;0.0;2.5;0.4;2.0;0.4
13.8;0.117;0.09;0.99655;6.6;9.0;3.35;1.0;5.5;0.0;-15.3;0.725
13.4;0.096;0.38;0.99666;8.6;5.0;3.2;0.0;1.5;0.0;-34.2;0.52
19.5;0.216;0.45;0.99358;8.0;5.0;3.15;1.0;2.1;0.21;-30.4;0.31
16.4;0.096;0.38;0.99666;8.6;5.0;3.2;0.0;1.5;0.42;-34.2;0.52
7.4;0.072;0.42;0.99392;8.4;23.0;3.11;1.0;2.1;1.28;39.6;0.34
8.0;0.071;0.27;0.99388;7.4;14.0;3.35;1.0;2.1;0.33;-22.5;0.49
6.2;0.078;0.09;0.99402;6.1;18.0;3.45;1.0;1.7;0.8;-27.0;0.48
17.0;0.071;0.27;0.99388;7.4;14.0;3.35;1.0;2.1;0.7;2.5;0.49
12.4;0.073;0.34;0.9936;8.0;16.0;3.28;1.0;2.2;0.46;-47.5;0.48
7.8;0.048;0.28;0.99374;6.3;13.0;3.41;0.0;2.1;0.4;4.9;0.57
10.3;0.069;0.42;0.99376;8.2;9.0;3.21;1.0;1.9;0.74;18.7;0.23
10.7;0.068;0.41;0.99523;9.1;10.0;3.27;1.0;2.0;0.65;-45.6;0.3
3.5;0.09;0.1;0.99855;8.1;4.0;3.36;0.0;3.3;0.4;-11.7;0.78
5.8;0.171;0.43;0.9982;10.8;27.0;3.17;1.0;2.1;1.36;72.6;0.47
3.0;0.07;0.0;0.99593;8.3;6.0;3.25;1.0;1.4;0.84;1.4;0.53
13.3;0.092;0.27;0.99471;5.4;23.0;3.78;1.0;2.0;0.84;60.5;0.42
11.0;0.056;0.41;0.99396;7.9;6.0;3.29;1.0;1.5;0.61;38.5;0.33
12.5;0.074;0.39;0.99698;8.9;3.0;3.12;1.0;1.6;0.59;-9.0;0.24
10.6;0.046;0.5;0.9902;5.0;29.0;3.49;1.0;4.3;0.76;-152.0;0.4
12.3;0.091;0.07;0.99572;7.0;15.0;3.38;1.0;2.5;0.5;-18.9;0.69
11.3;0.091;0.07;0.99572;7.0;15.0;3.38;1.0;2.5;0.7;-39.9;0.69
10.3;0.091;0.07;0.99572;7.0;15.0;3.38;1.0;2.5;1.2;-39.9;0.69
9.3;0.065;0.12;0.99252;7.1;14.0;3.3;1.0;2.1;0.3;-45.6;0.39
17.9;0.066;0.0;0.99256;5.6;7.0;3.52;0.0;2.5;0.9;16.5;0.66
16.1;0.076;0.34;0.99235;7.9;8.0;3.2;1.0;2.5;0.32;-32.3;0.54
15.3;0.062;0.0;0.99352;6.6;21.0;3.44;1.0;1.8;0.55;30.8;0.5
9.3;0.055;0.0;0.9922;6.3;27.0;3.45;1.0;1.4;0.1;-62.7;0.47
16.2;0.081;0.37;0.99674;10.7;17.0;3.12;1.0;1.9;0.7;31.9;0.4
9.5;0.096;0.0;0.99557;6.5;3.0;3.62;0.0;2.2;1.02;-24.7;0.58
8.3;0.055;0.35;0.99394;8.8;13.0;3.14;1.0;1.7;0.6;-51.3;0.24
11.5;0.063;0.26;0.9915;5.8;3.0;3.39;1.0;1.7;0.3;12.1;0.29
14.5;0.072;0.0;0.99379;6.3;26.0;3.51;1.0;2.9;0.9;-46.8;0.76
14.0;0.095;0.33;0.9984;10.0;28.0;3.22;0.0;2.7;1.18;-80.1;0.43
12.5;0.092;0.35;0.99798;10.5;24.0;3.21;1.0;3.3;1.09;77.0;0.43
18.4;0.058;0.0;0.9977;9.1;5.0;3.18;1.0;1.9;0.3;-19.0;0.6
11.5;0.045;0.21;0.99341;5.9;57.0;3.32;0.0;1.7;0.5;-256.5;0.19
8.6;0.075;0.34;0.9933;7.4;18.0;3.38;1.0;1.8;0.78;41.8;0.36
12.2;0.089;0.07;0.99684;7.2;10.0;3.37;1.0;5.5;1.18;1.8;0.48
5.8;0.061;0.35;0.99524;8.5;6.0;3.3;1.0;1.7;0.2;-13.5;0.28
7.9;0.067;0.43;0.9946;8.0;22.0;3.38;1.0;1.7;1.2;5.0;0.25
6.4;0.08;0.45;0.99774;10.4;6.0;3.22;1.0;2.0;0.76;1.3;0.52
9.4;0.08;0.45;0.99774;10.4;6.0;3.22;1.0;2.0;0.66;1.3;0.52
1.1;0.104;0.15;0.99786;7.5;29.0;3.14;0.0;3.7;0.88;-178.6;0.41
5.5;0.079;0.24;0.99764;8.2;16.0;3.34;1.0;2.0;0.94;-77.4;0.51
3.5;0.08;0.3;0.9969;7.3;33.0;3.41;1.0;1.7;0.95;7.9;0.4
6.0;0.08;0.32;0.99624;8.2;24.0;3.27;1.0;2.5;0.55;78.1;0.38
4.4;0.043;0.11;0.99354;6.9;6.0;3.3;1.0;2.4;0.95;1.2;0.45
12.0;0.065;0.3;0.99672;7.0;16.0;3.61;1.0;1.8;1.12;-18.0;0.22
14.1;0.066;0.23;0.99588;7.3;35.0;3.43;0.0;2.3;0.8;7.0;0.32
17.4;0.076;0.43;0.99672;8.2;31.0;3.53;1.0;2.5;0.81;-96.9;0.2
4.8;0.178;0.12;0.996;7.8;6.0;3.28;1.0;1.8;0.57;-18.9;0.5
15.8;0.071;0.45;0.99702;10.0;6.0;3.21;1.0;6.2;0.3;-12.6;0.41
7.6;0.086;0.42;0.99526;7.8;9.0;3.39;1.0;2.0;0.8;2.1;0.39
5.0;0.061;0.47;0.99585;10.0;6.0;3.23;1.0;2.0;0.72;1.1;0.35
16.8;0.067;0.32;0.99473;8.2;4.0;3.3;1.0;2.8;0.6;-10.8;0.33
11.5;0.044;0.23;0.99352;6.1;16.0;3.46;1.0;2.5;0.15;-133.0;0.58
9.8;0.118;0.25;0.99616;8.3;9.0;3.15;0.0;2.2;0.5;-72.2;0.6
15.1;0.083;0.35;0.99622;9.6;17.0;3.23;1.0;2.1;0.9;-72.2;0.42
6.4;0.1;0.0;0.99544;6.6;50.0;3.59;1.0;2.2;0.38;-119.7;0.58
11.8;0.118;0.25;0.99616;8.3;9.0;3.15;0.0;2.2;0.8;3.8;0.6
9.8;0.071;0.51;0.99524;8.5;45.0;3.33;1.0;1.75;0.9;8.8;0.18
11.9;0.042;0.18;0.9924;5.1;16.0;3.46;1.0;2.1;0.8;111.1;0.51
14.6;0.076;0.43;0.99572;6.7;22.0;3.42;1.0;2.8;0.46;5.4;0.41
13.8;0.11;0.43;0.99728;10.2;11.0;3.16;0.0;2.2;0.67;-33.3;0.41
11.1;0.087;0.57;0.99676;10.6;6.0;3.14;1.0;2.3;1.42;-18.0;0.36
17.2;0.076;0.43;0.99551;8.8;12.0;3.21;1.0;1.4;0.45;-18.9;0.45
7.8;0.075;0.42;0.99434;8.5;12.0;3.14;1.0;2.3;0.91;-36.1;0.32
12.0;0.078;0.24;0.99692;9.0;10.0;3.29;0.0;1.7;0.9;-18.9;0.785
13.0;0.078;0.24;0.99692;9.0;10.0;3.29;0.0;1.7;0.3;-18.9;0.785
13.4;0.369;0.5;0.99634;8.5;15.0;3.01;0.0;1.9;0.8;3.8;0.44
16.2;0.111;0.26;0.99709;9.9;7.0;2.94;0.0;2.0;1.38;66.0;0.54
9.4;0.074;0.39;0.99528;8.2;29.0;3.32;1.0;2.5;0.78;-43.2;0.33
7.0;0.067;0.27;0.99384;6.5;8.0;3.21;1.0;2.8;0.1;-83.6;0.34
14.5;0.086;0.29;0.99502;7.6;5.0;3.32;1.0;2.3;0.82;-12.6;0.5
3.5;0.062;0.34;0.99667;9.2;5.0;3.2;1.0;1.6;1.47;13.2;0.36
9.8;0.078;0.0;0.99522;7.1;26.0;3.42;1.0;2.2;0.68;4.4;0.59
12.3;0.074;0.46;0.99649;9.7;5.0;3.27;1.0;2.1;1.04;17.6;0.42
10.5;0.079;0.31;0.99716;7.6;26.0;3.46;1.0;1.7;0.82;71.5;0.36
13.5;0.079;0.31;0.99716;7.6;26.0;3.46;1.0;1.7;0.42;71.5;0.36
5.5;0.095;0.0;0.99541;6.5;48.0;3.61;1.0;2.2;0.9;-53.1;0.61
10.2;0.079;0.03;0.99572;6.5;23.0;3.58;0.0;5.6;0.9;4.7;0.88
5.7;0.052;0.0;0.99318;7.1;6.0;3.35;1.0;2.4;0.5;-20.9;0.66
12.4;0.041;0.0;0.99346;5.6;17.0;3.68;0.0;2.1;0.2;85.8;0.915
18.0;0.076;0.33;0.99599;8.2;11.0;3.27;1.0;2.4;0.51;-89.3;0.35
8.0;0.076;0.33;0.99599;8.2;11.0;3.27;1.0;2.4;0.51;-89.3;0.35
11.4;0.068;0.43;0.99478;9.8;5.0;3.19;0.0;1.65;0.46;12.1;0.39
10.5;0.068;0.4;0.99754;10.2;41.0;3.38;1.0;2.5;0.66;-102.6;0.4
15.3;0.07;0.07;0.99572;6.8;16.0;3.29;0.0;1.6;0.7;6.1;0.66
10.9;0.08;0.23;0.99538;6.7;11.0;3.36;0.0;2.1;0.9;130.9;0.64
11.9;0.085;0.3;0.99346;7.0;6.0;3.33;1.0;2.0;0.8;42.9;0.43
18.2;0.079;0.03;0.9963;6.6;6.0;3.52;0.0;7.8;0.3;1.2;0.8
7.9;0.085;0.3;0.99346;7.0;6.0;3.33;1.0;2.0;0.7;-74.1;0.43
9.9;0.08;0.23;0.99538;6.7;11.0;3.36;0.0;2.1;0.8;-107.1;0.64
10.6;0.075;0.05;0.99616;8.8;5.0;3.3;0.0;1.8;0.94;-36.1;0.955
19.5;0.08;0.57;0.99652;9.1;6.0;3.28;1.0;4.6;0.1;2.0;0.4
11.8;0.166;0.0;0.99551;6.5;6.0;3.56;0.0;2.3;0.6;13.2;0.885
7.4;0.063;0.37;0.99439;7.2;11.0;3.52;1.0;2.5;0.9;-36.9;0.25
12.8;0.166;0.0;0.99551;6.4;6.0;3.56;0.0;2.3;0.8;-10.8;0.885
12.5;0.114;0.12;0.99588;7.0;15.0;3.22;1.0;1.8;0.3;6.4;0.745
11.5;0.078;0.22;0.99633;6.2;21.0;3.52;1.0;1.8;1.0;-50.4;0.43
8.5;0.076;0.23;0.99686;7.9;23.0;3.21;1.0;2.3;0.88;9.4;0.58
4.8;0.069;0.21;0.99458;7.7;4.0;3.16;1.0;1.5;0.74;9.9;0.57
7.9;0.052;0.26;0.9951;7.7;19.0;3.15;1.0;2.0;0.2;7.7;0.26
10.5;0.076;0.23;0.99686;7.9;23.0;3.21;1.0;2.3;0.78;-178.6;0.58
10.8;0.069;0.21;0.99458;7.7;4.0;3.16;1.0;1.5;0.9;-17.1;0.57
14.2;0.065;0.36;0.99419;7.9;5.0;3.27;1.0;1.9;0.74;11.0;0.34
9.7;0.068;0.39;0.99516;8.6;6.0;3.35;1.0;1.8;0.5;13.2;0.42
9.4;0.111;0.19;0.99878;9.9;33.0;3.14;0.0;5.8;1.15;83.6;0.74
9.0;0.074;0.46;0.99534;7.2;24.0;3.4;1.0;2.1;0.55;4.4;0.36
17.0;0.074;0.46;0.99534;7.2;24.0;3.4;1.0;2.1;1.25;48.4;0.36
14.0;0.074;0.46;0.99534;7.2;24.0;3.4;1.0;2.1;0.6;4.4;0.36
10.0;0.136;0.55;0.99752;9.9;24.0;3.35;0.0;1.7;0.84;-46.8;0.72
14.0;0.074;0.46;0.99534;7.2;24.0;3.4;1.0;2.1;1.05;-39.6;0.36
11.2;0.071;0.43;0.99428;6.2;14.0;3.45;1.0;2.0;0.47;2.4;0.39
8.4;0.078;0.02;0.99498;6.8;8.0;3.35;1.0;2.1;0.4;16.5;0.65
7.3;0.076;0.15;0.9957;6.6;22.0;3.32;0.0;2.1;0.9;-100.7;0.44
7.4;0.078;0.02;0.99498;6.8;8.0;3.35;1.0;2.1;0.52;1.5;0.65
13.5;0.071;0.42;0.99659;9.6;5.0;3.15;1.0;1.9;0.75;1.3;0.38
9.4;0.081;0.46;0.99628;10.2;6.0;3.1;1.0;1.9;0.5;0.9;0.33
14.3;0.095;0.46;0.99488;8.8;20.0;3.26;1.0;2.1;0.66;31.9;0.27
7.5;0.079;0.31;0.99677;7.9;10.0;3.29;1.0;2.0;0.69;86.9;0.57
9.0;0.057;0.37;0.99408;8.2;43.0;3.23;1.0;1.9;1.21;-140.6;0.34
8.6;0.082;0.31;0.996;8.2;8.0;3.24;1.0;1.9;0.99;-21.6;0.4
12.9;0.044;0.4;0.99478;9.0;25.0;3.2;1.0;1.3;0.43;-95.0;0.39
16.5;0.132;0.52;0.99734;10.9;17.0;3.28;1.0;1.8;0.57;-83.6;0.32
10.5;0.132;0.52;0.99734;10.9;17.0;3.28;1.0;1.8;0.6;-83.6;0.32
13.6;0.078;0.22;0.99678;8.1;33.0;3.26;1.0;2.2;0.56;8.9;0.53
7.0;0.074;0.47;0.99638;10.5;9.0;3.23;1.0;2.2;0.56;-20.7;0.36
7.3;0.08;0.49;0.9992;12.6;8.0;3.07;1.0;2.5;0.92;22.0;0.39
10.4;0.091;0.23;0.99922;9.2;18.0;3.15;0.0;2.6;0.4;-69.3;0.46
10.2;0.08;0.03;0.99592;7.5;27.0;3.02;0.0;4.1;1.17;4.6;0.58
12.6;0.104;0.25;0.99769;9.0;8.0;3.27;0.0;2.0;0.8;-39.9;0.58
16.6;0.044;0.0;0.99157;5.1;18.0;3.68;1.0;1.8;1.13;-79.2;0.42
2.5;0.075;0.29;0.99718;7.6;19.0;3.4;0.0;2.1;0.74;72.6;0.43
17.8;0.066;0.34;0.9947;7.7;15.0;3.37;1.0;2.7;0.98;-52.2;0.18
13.8;0.074;0.01;0.99621;7.8;48.0;3.38;0.0;2.6;0.4;9.0;0.815
5.5;0.075;0.29;0.99718;7.6;19.0;3.4;0.0;2.1;0.94;-59.4;0.43
8.3;0.057;0.37;0.99614;10.2;14.0;3.23;0.0;2.2;0.69;3.6;0.23
8.8;0.059;0.01;0.99242;7.1;11.0;3.39;1.0;2.2;0.7;19.8;0.75
12.5;0.054;0.32;0.99572;6.0;6.0;3.3;0.0;12.9;0.3;-214.7;0.33
5.4;0.07;0.0;0.99659;7.8;7.0;3.26;1.0;1.7;0.94;-32.3;0.55
9.8;0.059;0.01;0.99242;7.1;11.0;3.39;1.0;2.2;0.3;-34.2;0.75
13.6;0.081;0.0;0.99798;8.1;12.0;3.38;0.0;2.5;0.4;2.4;0.73
8.8;0.057;0.0;0.99488;6.5;11.0;3.45;0.0;4.3;0.3;22.0;0.67
10.3;0.076;0.2;0.99494;7.5;36.0;3.1;0.0;1.7;0.7;-114.0;0.61
9.8;0.079;0.39;0.99729;9.8;28.0;3.16;0.0;2.5;0.3;-58.5;0.37
18.2;0.058;0.41;0.99414;9.0;15.0;3.22;1.0;2.0;1.2;-76.0;0.4
8.5;0.082;0.22;0.9983;8.3;10.0;3.37;0.0;2.4;0.82;94.6;0.56
6.3;0.067;0.25;0.99721;5.9;72.0;3.33;1.0;13.4;0.2;-144.0;0.29
8.5;0.082;0.19;0.99655;7.4;15.0;3.49;0.0;1.8;0.48;-30.6;0.55
10.0;0.086;0.07;0.99502;7.4;15.0;3.12;0.0;1.7;0.6;52.8;0.74
6.5;0.082;0.19;0.99655;7.4;15.0;3.49;0.0;1.8;0.18;-64.6;0.55
13.1;0.081;0.33;0.9949;6.9;22.0;3.41;1.0;2.2;1.45;-32.4;0.41
12.9;0.079;0.01;0.99514;7.1;24.0;3.4;1.0;2.3;0.51;40.7;0.6
5.9;0.079;0.01;0.99514;7.1;24.0;3.4;1.0;2.3;0.9;40.7;0.6
3.8;0.077;0.14;0.9963;7.5;27.0;3.28;0.0;2.2;0.59;-54.0;0.58
15.8;0.123;0.0;0.99627;7.1;6.0;3.45;0.0;1.8;0.98;-12.6;0.72
7.5;0.096;0.0;0.99569;7.9;6.0;3.43;0.0;1.4;0.1;-11.7;0.66
10.9;0.079;0.06;0.99628;7.8;20.0;3.4;0.0;1.9;0.5;3.5;0.7
15.0;0.069;0.02;0.99358;6.1;26.0;3.47;0.0;2.4;0.9;-41.4;0.64
6.2;0.082;0.22;0.99499;7.5;43.0;3.1;0.0;1.8;0.4;6.0;0.59
8.0;0.085;0.28;0.99633;7.0;12.0;3.32;1.0;4.8;0.5;-62.1;0.58
10.3;0.123;0.0;0.99538;6.8;15.0;3.44;1.0;2.7;1.13;36.3;0.64
7.3;0.123;0.0;0.99538;6.8;15.0;3.44;1.0;2.7;0.43;36.3;0.64
12.3;0.403;0.68;0.99632;8.6;19.0;3.02;0.0;1.8;1.15;-50.4;0.635
11.2;0.083;0.0;0.99437;6.3;17.0;3.59;0.0;2.0;0.8;2.4;1.02
11.8;0.081;0.38;0.99726;9.8;34.0;3.15;0.0;2.5;0.9;72.6;0.45
11.6;0.089;0.0;0.9978;8.2;13.0;3.37;0.0;2.2;0.46;2.6;0.78
7.8;0.066;0.32;0.99456;8.5;26.0;3.38;1.0;1.8;0.1;5.1;0.37
11.3;0.081;0.05;0.99564;7.2;16.0;3.38;1.0;2.3;1.0;3.6;0.57
16.3;0.081;0.05;0.99564;7.2;16.0;3.38;1.0;2.3;1.0;-68.4;0.57
8.4;0.068;0.5;0.996;10.4;13.0;3.1;1.0;2.3;1.17;1.9;0.43
7.5;0.079;0.31;0.99668;6.9;21.0;3.47;1.0;2.0;0.5;-96.9;0.41
14.0;0.044;0.03;0.9908;5.5;28.0;3.5;1.0;1.8;1.02;8.7;0.49
20.0;0.048;0.01;0.99084;5.0;26.0;3.7;1.0;1.6;0.95;6.0;0.38
7.7;0.049;0.2;0.9935;7.3;24.0;3.38;1.0;1.6;0.27;70.4;0.44
13.2;0.077;0.0;0.99385;5.9;25.0;3.5;0.0;1.9;1.03;-39.6;0.46
11.3;0.073;0.2;0.99494;7.5;34.0;3.1;0.0;2.0;0.43;4.4;0.58
7.2;0.102;0.13;0.9944;7.8;17.0;3.24;1.0;2.1;0.6;-68.4;0.58
13.5;0.075;0.22;0.99688;8.0;13.0;3.24;1.0;2.3;0.6;-72.9;0.715
19.0;0.05;0.4;0.99566;8.5;3.0;3.28;0.0;6.3;0.8;11.0;0.4
12.7;0.114;0.0;0.99636;7.0;3.0;3.35;1.0;1.9;0.9;-9.0;0.69
8.5;0.075;0.22;0.99688;8.0;13.0;3.24;1.0;2.3;0.2;89.1;0.715
13.5;0.062;0.39;0.9948;9.8;3.0;3.14;1.0;1.7;0.77;0.9;0.3
14.4;0.077;0.2;0.9956;7.1;28.0;3.37;1.0;1.9;0.74;-102.6;0.46
11.4;0.077;0.2;0.9956;7.1;28.0;3.37;1.0;1.9;0.44;-102.6;0.46
6.9;0.084;0.0;0.99619;7.9;9.0;3.33;1.0;2.0;0.2;24.2;0.765
4.2;0.096;0.28;0.99734;8.7;17.0;3.26;1.0;2.7;0.5;-131.1;0.63
14.9;0.071;0.19;0.99476;7.0;18.0;3.39;0.0;2.3;0.56;39.6;0.42
14.5;0.09;0.5;0.99734;11.3;20.0;3.15;0.0;1.8;0.47;-42.3;0.37
13.4;0.068;0.44;0.99328;7.1;17.0;3.35;1.0;2.5;0.5;-58.9;0.16
8.0;0.056;0.08;0.99286;8.0;3.0;3.22;0.0;2.6;0.8;0.7;0.6
13.2;0.068;0.3;0.99914;7.0;20.0;3.3;0.0;4.5;1.37;11.0;0.6
10.2;0.068;0.3;0.99914;7.0;20.0;3.3;0.0;4.5;1.67;-209.0;0.6
15.0;0.1;0.0;0.99521;7.6;6.0;3.36;0.0;1.9;0.89;-10.8;0.74
13.9;0.073;0.1;0.99638;8.2;25.0;3.29;1.0;2.1;1.15;6.0;0.635
5.4;0.056;0.13;0.99362;5.9;14.0;3.62;1.0;2.4;0.87;-25.2;0.395
10.7;0.084;0.0;0.99672;7.5;6.0;3.34;0.0;1.9;0.39;1.2;0.755
11.9;0.073;0.1;0.99638;8.2;25.0;3.29;1.0;2.1;0.45;-54.0;0.635
6.5;0.093;0.0;0.99558;6.6;51.0;3.2;0.0;4.3;0.7;-147.25;0.63
9.5;0.093;0.0;0.99558;6.6;51.0;3.2;0.0;4.3;0.1;-69.75;0.63
7.1;0.064;0.14;0.99323;7.2;15.0;3.35;1.0;2.1;0.2;2.9;0.53
12.2;0.063;0.0;0.99191;5.7;11.0;3.45;1.0;1.4;0.4;19.8;0.6
13.9;0.137;0.0;0.99476;7.6;5.0;3.5;0.0;2.1;0.1;9.9;1.58
15.5;0.08;0.0;0.99444;5.2;15.0;3.78;1.0;2.15;0.9;-25.2;0.645
14.7;0.1;0.07;0.99598;6.7;20.0;3.6;1.0;2.0;1.14;-51.3;0.86
10.2;0.064;0.32;0.99576;9.1;4.0;3.3;1.0;2.1;0.4;-13.5;0.37
6.2;0.081;0.44;0.99501;8.0;28.0;3.36;0.0;1.8;0.76;-129.2;0.28
11.2;0.087;0.21;0.9955;7.6;21.0;3.12;0.0;2.3;0.64;-129.2;0.79
12.8;0.073;0.26;0.99612;7.5;24.0;3.3;0.0;1.9;1.13;-79.2;0.61
9.1;0.088;0.32;0.9979;9.7;22.0;3.29;0.0;2.5;0.62;9.1;0.69
13.1;0.068;0.09;0.99524;6.8;15.0;3.41;0.0;3.9;0.32;31.9;0.68
11.1;0.088;0.32;0.9979;9.7;22.0;3.29;0.0;2.5;1.22;9.1;0.69
11.2;0.071;0.1;0.996;7.0;27.0;3.28;0.0;1.4;0.41;69.3;0.62
10.8;0.073;0.26;0.99612;7.5;24.0;3.3;0.0;1.9;0.3;8.8;0.61
14.8;0.064;0.15;0.9929;6.5;12.0;3.33;1.0;3.0;0.8;-51.3;0.51
7.5;0.083;0.21;0.99532;8.0;14.0;3.34;0.0;1.9;0.9;45.1;1.18
17.1;0.086;0.21;0.99558;7.0;20.0;3.4;1.0;2.3;0.84;-123.5;0.36
16.1;0.086;0.21;0.99556;7.0;24.0;3.4;1.0;2.4;0.53;-62.1;0.36
4.8;0.083;0.27;0.99616;7.5;17.0;3.26;1.0;2.0;1.08;-81.9;0.63
13.5;0.041;0.0;0.99258;5.4;16.0;4.01;1.0;1.2;0.49;50.6;0.74
14.9;0.091;0.46;0.99638;9.9;10.0;3.18;1.0;2.2;0.8;4.1;0.44
6.8;0.083;0.27;0.99616;7.5;17.0;3.26;1.0;2.0;0.2;9.1;0.63
9.1;0.414;0.68;0.99652;9.1;18.0;2.9;1.0;1.7;0.93;-57.6;0.76
14.1;0.094;0.34;0.99796;9.7;12.0;3.26;0.0;2.6;0.96;96.8;0.66
14.5;0.041;0.0;0.99258;5.0;16.0;4.01;1.0;1.2;1.29;50.6;0.74
6.4;0.058;0.42;0.99392;9.1;9.0;3.18;0.0;1.8;1.25;19.8;0.34
8.0;0.06;0.39;0.99495;9.1;21.0;3.18;1.0;1.8;0.6;60.5;0.36
10.6;0.077;0.24;0.9948;6.7;18.0;3.39;1.0;1.7;0.5;3.4;0.46
6.6;0.077;0.24;0.9948;6.7;18.0;3.39;1.0;1.7;0.8;-64.6;0.46
12.6;0.077;0.24;0.9948;6.7;18.0;3.39;1.0;1.7;0.9;37.4;0.46
3.6;0.077;0.24;0.9948;6.7;18.0;3.39;1.0;1.7;0.5;-30.6;0.46
3.3;0.073;0.11;0.9955;6.5;13.0;3.34;0.0;1.8;0.7;-72.2;0.52
9.8;0.083;0.26;0.99616;7.4;17.0;3.29;1.0;2.1;0.7;-172.9;0.6
10.8;0.083;0.26;0.99616;7.4;17.0;3.29;1.0;2.1;1.26;9.1;0.6
10.2;0.107;0.26;0.99668;7.8;31.0;3.26;0.0;3.8;0.7;-127.3;0.87
9.7;0.075;0.1;0.99581;8.4;6.0;3.09;1.0;1.7;0.73;2.5;0.39
13.6;0.079;0.22;0.9976;9.1;12.0;3.18;0.0;2.2;1.21;4.8;0.775
6.0;0.166;0.0;0.99608;7.2;4.0;3.39;0.0;2.0;0.72;-9.9;0.835
12.6;0.069;0.02;0.99387;6.6;19.0;3.38;1.0;2.4;0.56;-36.0;0.58
8.5;0.057;0.0;0.99448;6.0;15.0;3.36;0.0;1.4;0.8;-23.4;0.5
9.5;0.057;0.0;0.99448;6.0;15.0;3.36;0.0;1.4;1.25;28.6;0.5
7.5;0.057;0.0;0.99448;6.0;15.0;3.36;0.0;1.4;0.8;-49.4;0.5
8.5;0.084;0.02;0.99538;7.5;13.0;3.36;1.0;1.7;0.9;-27.9;0.51
5.5;0.084;0.02;0.99538;7.5;13.0;3.36;1.0;1.7;0.54;-27.9;0.51
15.5;0.084;0.02;0.99538;7.5;13.0;3.36;1.0;1.7;0.5;-27.9;0.51
8.4;0.085;0.02;0.99589;7.6;17.0;3.37;1.0;1.7;0.21;34.1;0.54
7.5;0.084;0.02;0.99538;7.5;13.0;3.36;1.0;1.7;0.84;3.1;0.51
19.0;0.077;0.48;0.99852;11.5;8.0;3.09;0.0;2.6;0.8;22.0;0.42
3.2;0.063;0.24;0.99613;8.2;10.0;3.25;1.0;2.3;0.9;-25.2;0.44
5.4;0.056;0.01;0.99472;6.1;5.0;3.52;0.0;2.1;0.7;1.3;0.59
17.5;0.078;0.03;0.99587;7.2;7.0;3.34;0.0;1.8;0.7;13.2;0.655
10.5;0.078;0.03;0.99587;7.2;7.0;3.34;0.0;1.8;0.2;-22.8;0.655
7.8;0.081;0.0;0.99518;6.9;21.0;3.41;0.0;2.8;1.22;4.1;0.57
16.0;0.069;0.29;0.99654;9.0;32.0;3.34;0.0;2.0;0.6;80.3;0.6
14.8;0.065;0.01;0.99332;7.2;8.0;3.32;1.0;2.3;0.8;-41.4;0.62
8.3;0.086;0.03;0.9969;7.6;14.0;3.37;0.0;1.9;0.76;62.7;0.645
12.3;0.086;0.03;0.9969;7.6;14.0;3.37;0.0;1.9;0.5;-51.3;0.645
6.0;0.077;0.03;0.99568;7.2;7.0;3.35;0.0;2.3;0.8;2.8;0.58
5.1;0.086;0.25;0.99464;6.1;5.0;3.36;0.0;1.8;0.4;-60.8;0.32
5.1;0.084;0.25;0.99464;6.1;4.0;3.36;0.0;1.8;0.94;2.8;0.34
9.1;0.078;0.24;0.99648;7.3;27.0;3.6;1.0;2.5;1.09;73.7;0.43
5.5;0.168;0.17;0.99736;7.4;52.0;3.28;0.0;5.4;0.7;-186.2;0.64
16.03333333;0.091;0.4;0.99704;11.6;6.0;3.07;1.0;1.4;0.5;-53.2;0.475
11.9;0.112;0.31;0.99699;9.2;11.0;3.24;0.0;2.3;0.76;3.8;0.54
15.1;0.093;0.14;0.99724;8.3;13.0;3.36;0.0;2.5;0.64;5.4;0.85
17.03333333;0.091;0.4;0.99704;11.6;6.0;3.07;1.0;1.4;0.25;-53.2;0.475
10.8;0.08;0.27;0.99652;8.0;11.0;3.29;0.0;2.0;0.7;-56.7;0.83
14.8;0.096;0.02;0.995;7.2;10.0;3.46;1.0;1.9;0.8;34.1;0.605
8.5;0.115;0.09;0.9971;7.8;10.0;3.18;0.0;2.2;0.72;-37.8;0.5
7.8;0.094;0.08;0.99576;7.3;10.0;3.24;0.0;1.7;1.1;49.5;0.74
10.5;0.088;0.3;0.99725;6.9;9.0;3.25;1.0;2.2;1.08;115.5;0.54
9.8;0.079;0.32;0.99656;8.0;16.0;3.27;1.0;2.1;0.3;-140.6;0.77
7.4;0.069;0.0;0.99396;6.6;4.0;3.33;0.0;1.6;0.87;0.8;0.61
2.2;0.415;0.51;0.99623;8.7;12.0;3.0;0.0;1.7;1.77;72.6;0.78
3.6;0.153;0.56;0.99476;7.5;5.0;3.21;1.0;3.1;1.13;-26.6;0.58
13.2;0.415;0.51;0.99623;8.7;12.0;3.0;0.0;1.7;1.47;72.6;0.78
5.3;0.11;0.27;0.99664;7.7;34.0;3.24;0.0;3.8;0.2;-169.1;0.75
9.8;0.267;0.0;0.99471;6.8;16.0;3.32;0.0;1.2;0.51;-55.1;0.815
8.9;0.083;0.26;0.99586;7.2;13.0;3.26;0.0;2.0;0.62;-190.0;0.56
6.0;0.086;0.2;0.9946;8.2;7.0;3.11;0.0;1.4;0.56;-27.9;0.885
15.2;0.09;0.26;0.9953;5.2;23.0;3.71;1.0;2.3;1.02;-66.6;0.49
7.9;0.078;0.15;0.99609;7.2;10.0;3.29;1.0;2.0;0.71;30.8;0.45
7.8;0.077;0.02;0.99557;7.5;11.0;3.36;1.0;2.6;0.6;38.5;0.57
16.8;0.077;0.02;0.99557;7.5;11.0;3.36;1.0;2.6;0.82;-66.5;0.57
6.6;0.074;0.09;0.99534;6.8;4.0;3.38;0.0;1.8;0.35;-47.5;0.83
3.9;0.08;0.22;0.99613;8.0;25.0;3.3;0.0;2.1;0.5;-199.5;0.6
4.9;0.08;0.22;0.99613;8.0;25.0;3.3;0.0;2.1;0.99;10.5;0.6
11.5;0.107;0.15;0.99593;7.1;20.0;3.19;0.0;1.8;0.8;-75.6;0.755
11.2;0.076;0.25;0.99668;8.0;34.0;3.19;0.0;3.4;0.3;-161.5;0.81
8.6;0.1;0.07;0.9961;7.4;8.0;3.3;0.0;1.8;1.08;-43.7;0.64
10.6;0.1;0.07;0.9961;7.4;8.0;3.3;0.0;1.8;0.98;-43.7;0.64
7.3;0.083;0.31;0.99718;6.6;7.0;3.35;0.0;6.1;0.98;53.9;0.64
5.7;0.08;0.02;0.99524;6.7;36.0;3.1;0.0;2.2;1.03;11.1;0.48
20.5;0.068;0.0;0.99292;6.0;15.0;3.58;1.0;2.3;0.99;3.3;0.49
11.0;0.094;0.22;0.99612;8.0;5.0;3.37;0.0;2.4;0.58;-62.7;0.64
3.8;0.07;0.06;0.9942;7.1;5.0;3.17;0.0;1.3;0.1;-22.8;0.62
4.2;0.078;0.25;0.99612;8.0;19.0;3.3;0.0;2.0;0.4;64.9;0.52
5.2;0.07;0.14;0.99669;6.4;27.0;3.32;0.0;3.9;0.8;-138.7;0.57
10.55;0.092;0.1;0.99745;8.6;3.0;3.31;1.0;1.6;1.45;1.2;0.685
7.55;0.09;0.1;0.99745;8.7;4.0;3.31;0.0;1.6;0.45;-9.9;0.675
5.9;0.08;0.26;0.99584;7.3;17.0;3.28;0.0;2.0;0.5;-197.6;0.59
11.2;0.083;0.12;0.9966;7.0;13.0;3.52;1.0;2.2;1.02;-25.2;0.6
5.1;0.068;0.0;0.9956;7.2;10.0;3.42;1.0;2.2;0.82;2.4;0.67
3.9;0.08;0.21;0.9962;7.9;33.0;3.25;0.0;2.1;0.6;-126.9;0.69
7.9;0.08;0.21;0.9962;7.9;33.0;3.25;0.0;2.1;1.01;14.1;0.69
15.9;0.052;0.42;0.9963;7.6;6.0;3.44;1.0;2.0;1.12;26.4;0.3
4.0;0.061;0.33;0.996;7.2;3.0;3.23;1.0;1.7;1.2;14.3;0.33
11.7;0.082;0.39;0.9985;8.0;12.0;3.43;1.0;2.6;0.2;50.6;0.5
10.3;0.062;0.3;0.9952;7.7;18.0;3.28;1.0;2.0;1.2;-30.6;0.28
8.9;0.062;0.34;0.9974;8.2;8.0;3.22;1.0;5.1;0.94;2.2;0.24
13.7;0.064;0.0;0.995;6.0;40.0;3.54;1.0;2.1;0.53;-48.6;0.51
13.4;0.048;0.36;0.995;8.1;35.0;3.27;1.0;2.2;0.41;58.3;0.29
13.7;0.064;0.0;0.995;6.0;40.0;3.54;1.0;2.1;0.93;-48.6;0.51
15.9;0.082;0.0;0.9936;6.6;5.0;3.5;1.0;1.8;0.44;-14.4;0.96
7.6;0.071;0.4;0.9963;6.4;8.0;3.56;1.0;2.4;0.9;-17.1;0.47
9.9;0.062;0.34;0.9974;8.2;8.0;3.22;1.0;5.1;1.74;-41.8;0.24
16.1;0.104;0.25;0.9963;9.9;12.0;3.04;0.0;2.0;0.3;-169.1;0.57
12.6;0.077;0.59;0.9994;10.0;3.0;3.2;0.0;2.2;0.48;-28.5;0.32
12.4;0.065;0.0;0.9966;6.2;8.0;3.56;0.0;1.6;0.64;-34.2;0.58
5.6;0.077;0.59;0.9994;10.0;3.0;3.2;0.0;2.2;0.1;-28.5;0.32
11.1;0.064;0.33;0.9952;7.3;21.0;3.35;1.0;2.5;1.27;-33.3;0.34
6.8;0.077;0.01;0.995;7.8;3.0;3.16;0.0;1.6;0.66;1.9;0.53
17.9;0.077;0.21;0.9956;7.7;32.0;3.27;0.0;2.2;0.2;-119.7;0.64
14.8;0.077;0.01;0.995;7.8;3.0;3.16;0.0;1.6;0.5;-36.1;0.53
7.4;0.079;0.18;0.9965;7.5;24.0;3.34;0.0;1.6;1.18;-52.2;0.4
7.4;0.079;0.0;0.9956;7.0;39.0;3.39;1.0;2.1;0.54;60.5;0.54
13.0;0.123;0.09;0.9968;6.4;14.0;3.5;0.0;3.9;0.67;-27.9;0.53
9.6;0.076;0.37;0.9974;8.3;8.0;3.26;1.0;1.4;0.6;-20.7;0.26
3.6;0.076;0.37;0.9974;8.3;8.0;3.26;1.0;1.4;1.1;-20.7;0.26
16.1;0.046;0.37;0.9971;7.7;23.0;3.41;1.0;1.8;0.61;66.0;0.23
4.2;0.078;0.33;0.9957;7.6;6.0;3.3;0.0;2.5;0.68;2.3;0.41
8.0;0.072;0.0;0.9962;7.8;27.0;3.31;0.0;1.9;0.43;-104.5;0.64
9.3;0.049;0.4;0.996;7.9;38.0;3.33;0.0;2.2;0.83;73.7;0.18
12.4;0.066;0.24;0.9956;7.4;18.0;3.37;0.0;1.8;0.2;-89.3;0.41
11.9;0.069;0.31;0.9958;7.6;13.0;3.26;1.0;2.1;0.9;81.4;0.43
19.7;0.042;0.0;0.9944;5.9;3.0;3.48;1.0;1.6;1.35;12.1;0.44
11.1;0.069;0.16;0.9955;6.1;11.0;3.42;1.0;1.8;1.14;27.5;0.4
11.0;0.214;0.37;1.00369;10.2;55.0;3.18;1.0;15.4;0.37;9.5;0.54
7.0;0.214;0.37;1.00369;10.2;55.0;3.18;1.0;15.4;0.7;-180.5;0.54
2.5;0.169;0.38;0.99914;10.0;27.0;3.15;0.0;1.6;0.9;-171.0;0.38
8.1;0.07;0.29;0.99577;6.8;15.0;3.53;0.0;4.8;1.34;-35.1;0.915
10.3;0.052;0.0;0.996;7.0;3.0;3.41;0.0;1.7;0.67;8.8;0.59
16.06666667;0.072;0.02;0.99566;7.3;31.0;3.32;1.0;2.2;0.68;-82.8;0.67
16.3;0.062;0.32;0.9947;7.2;15.0;3.23;1.0;2.0;0.23;30.8;0.37
4.566666667;0.094;0.19;0.99713;7.4;19.0;3.16;1.0;5.2;0.5;-88.2;0.785
8.8;0.078;0.02;0.99712;6.9;18.0;3.4;0.0;1.9;0.45;33.0;0.63
7.7;0.058;0.2;0.99322;6.9;8.0;3.38;0.0;1.75;0.8;-19.8;0.58
16.1;0.072;0.02;0.99566;7.3;31.0;3.32;1.0;2.2;0.2;101.2;0.67
3.6;0.094;0.19;0.99713;7.4;19.0;3.16;1.0;5.2;1.12;-186.2;0.785
4.8;0.078;0.02;0.99712;6.9;18.0;3.4;0.0;1.9;0.35;33.0;0.63
15.7;0.08;0.0;0.99701;6.8;22.0;3.4;0.0;1.9;0.54;3.9;0.67
6.7;0.08;0.01;0.99683;6.9;40.0;3.4;0.0;1.9;0.23;59.4;0.58
19.3;0.056;0.31;0.99472;7.2;15.0;3.23;1.0;2.0;0.76;31.9;0.38
12.3;0.062;0.32;0.9947;7.2;15.0;3.23;1.0;2.0;0.53;2.8;0.37
7.0;0.104;0.44;0.99732;7.8;8.0;3.33;1.0;2.7;0.58;-32.3;0.32
18.6;0.062;0.02;0.99374;6.6;37.0;3.35;1.0;2.0;0.86;5.3;0.58
10.0;0.074;0.33;0.99706;7.6;27.0;3.41;0.0;1.9;1.28;93.5;0.49
16.9;0.073;0.63;0.99974;11.7;7.0;3.21;1.0;2.2;1.09;-20.7;0.45
11.9;0.052;0.0;0.99467;6.5;9.0;3.5;1.0;1.6;1.33;18.7;0.9
10.55;0.05;0.06;0.99236;6.0;38.0;3.3;1.0;1.8;0.7;-80.1;0.54
11.0;0.074;0.33;0.99706;7.6;27.0;3.41;0.0;1.9;0.38;-161.5;0.49
7.5;0.067;0.4;0.99603;8.4;8.0;3.39;0.0;1.7;1.0;-18.0;0.29
8.9;0.054;0.35;0.99458;7.9;7.0;3.32;1.0;1.7;0.9;-13.5;0.2
11.4;0.054;0.09;0.99724;6.4;34.0;3.41;1.0;2.3;0.7;6.4;0.42
10.0;0.06;0.0;0.99664;6.2;6.0;3.59;0.0;2.1;0.61;1.3;0.785
7.4;0.075;0.03;0.99545;6.8;14.0;3.36;1.0;2.3;0.48;-27.9;0.64
7.8;0.076;0.01;0.99522;6.9;14.0;3.34;1.0;2.4;0.23;-74.1;0.63
5.7;0.063;0.1;0.9958;6.8;34.0;3.41;0.0;1.7;0.47;-100.7;0.59
10.7;0.063;0.1;0.9958;6.8;34.0;3.41;0.0;1.7;0.57;-100.7;0.59
2.0;0.062;0.32;0.99728;7.3;31.0;3.3;1.0;2.1;0.55;-102.6;0.48
15.0;0.067;0.08;0.99648;6.7;19.0;3.52;0.0;2.3;0.6;-60.8;1.04
5.0;0.062;0.32;0.99728;7.3;31.0;3.3;1.0;2.1;1.15;59.4;0.48
14.7;0.061;0.05;0.99705;7.3;20.0;3.31;0.0;2.1;0.1;-44.1;0.98
2.7;0.084;0.11;0.99578;10.0;8.0;2.88;0.0;1.4;0.57;2.4;0.69
14.6;0.067;0.08;0.99334;6.7;8.0;3.43;0.0;3.75;0.92;1.6;0.7
11.1;0.073;0.6;0.99656;7.6;23.0;3.38;1.0;2.6;1.29;48.4;0.35
15.0;0.071;0.08;0.99336;6.1;14.0;3.38;0.0;1.8;1.04;-40.5;0.6
12.8;0.205;0.5;1.00242;9.9;48.0;3.16;0.0;13.8;0.85;-155.8;0.5
20.56666667;0.048;0.11;0.99182;5.3;16.0;3.54;1.0;2.2;1.48;97.9;0.47
6.8;0.205;0.5;1.00242;9.9;48.0;3.16;0.0;13.8;1.25;90.2;0.5
15.6;0.048;0.11;0.99182;5.3;16.0;3.54;1.0;2.2;0.68;-169.1;0.47
12.2;0.082;0.05;0.99808;7.1;3.0;3.4;0.0;5.7;0.5;-12.6;0.875
15.6;0.104;0.6;0.99828;8.2;10.0;3.39;0.0;3.0;1.08;24.2;0.28
7.1;0.08;0.03;0.99498;5.6;6.0;3.66;0.0;1.5;1.12;-11.7;0.62
6.6;0.104;0.6;0.99828;8.2;10.0;3.39;0.0;3.0;0.6;-41.8;0.28
11.3;0.114;0.54;0.99719;7.2;3.0;3.33;0.0;2.1;0.67;-17.1;0.58
6.7;0.042;0.44;0.99542;8.1;6.0;3.35;0.0;1.5;0.81;13.2;0.33
6.9;0.06;0.06;0.99592;6.8;4.0;3.53;0.0;2.0;0.64;-9.9;0.91
3.7;0.074;0.16;0.99606;7.0;8.0;3.37;0.0;2.1;0.5;2.5;0.655
9.3;0.07;0.21;0.99546;6.8;9.0;3.38;0.0;2.1;0.1;-43.7;0.68
8.6;0.066;0.05;0.99496;6.0;9.0;3.52;0.0;1.9;1.48;-32.3;0.64
15.4;0.049;0.04;0.9942;5.6;5.0;3.72;0.0;1.7;0.3;-24.7;0.54
10.8;0.048;0.1;0.99448;6.2;4.0;3.44;1.0;2.1;0.3;-9.9;0.57
12.4;0.039;0.49;0.99344;7.1;8.0;3.39;1.0;1.8;0.56;19.8;0.22
14.4;0.049;0.04;0.9942;5.6;5.0;3.72;0.0;1.7;0.2;-24.7;0.54
16.95;0.05;0.06;0.99348;6.2;6.0;3.57;0.0;1.6;0.1;19.8;0.65
5.7;0.089;0.26;0.99636;7.7;23.0;3.26;0.0;1.9;1.09;-279.3;0.54
11.0;0.066;0.09;0.99459;6.4;15.0;3.42;1.0;1.4;0.3;30.8;0.31
8.6;0.08;0.02;0.99492;7.0;15.0;3.35;1.0;1.9;1.01;2.8;0.43
8.7;0.089;0.26;0.99636;7.7;23.0;3.26;0.0;1.9;0.89;161.7;0.54
14.5;0.054;0.03;0.99508;6.9;7.0;3.45;1.0;2.3;0.63;-14.4;0.74
5.8;0.068;0.04;0.99582;6.6;7.0;3.53;1.0;2.3;0.68;-11.7;0.895
13.5;0.054;0.03;0.99508;6.9;7.0;3.45;1.0;2.3;1.23;1.6;0.74
4.6;0.076;0.04;0.99508;7.5;8.0;3.26;0.0;1.5;0.5;-13.5;0.725
9.4;0.083;0.29;0.99642;7.8;21.0;3.16;0.0;4.3;0.63;6.4;0.82
2.8;0.078;0.18;0.99638;7.3;15.0;3.31;0.0;2.4;0.44;-114.0;0.585
17.0;0.077;0.39;0.99555;6.2;6.0;3.51;1.0;2.5;0.5;-26.6;0.44
12.4;0.106;0.57;0.99605;7.5;5.0;3.36;1.0;2.3;1.05;1.2;0.38
6.95;0.078;0.02;0.996;6.7;6.0;3.55;0.0;1.8;0.9;1.2;0.76
12.8;0.07;0.05;0.99562;6.8;6.0;3.51;1.0;2.0;1.36;15.4;0.81
15.4;0.106;0.57;0.99605;7.5;5.0;3.36;1.0;2.3;0.35;-10.8;0.38
11.6;0.074;0.6;0.99814;7.1;17.0;3.38;1.0;2.1;0.52;-47.5;0.27
7.1;0.062;0.4;0.9941;7.9;7.0;3.28;0.0;1.8;0.9;-18.0;0.18
9.7;0.047;0.21;0.99661;6.4;26.0;3.47;1.0;2.2;0.5;4.8;0.36
4.8;0.068;0.04;0.99712;7.1;19.0;3.44;0.0;2.1;0.7;29.7;0.69
14.4;0.061;0.04;0.99588;6.4;11.0;3.53;1.0;2.2;0.55;18.7;0.79
14.5;0.078;0.15;0.99294;6.4;17.0;3.33;1.0;1.8;0.8;6.5;0.56
14.23333333;0.074;0.21;0.99842;6.9;16.0;3.53;1.0;4.1;0.4;-123.5;0.84
6.25;0.074;0.21;0.99842;6.9;16.0;3.53;1.0;4.1;0.42;-123.5;0.84
10.6;0.071;0.25;0.99633;6.1;23.0;3.42;0.0;2.3;0.87;-110.2;0.32
11.3;0.063;0.06;0.99489;6.5;29.0;3.38;1.0;2.0;0.8;-83.6;0.53
6.5;0.114;0.46;0.99647;7.4;7.0;3.32;0.0;2.2;0.93;22.0;0.47
15.2;0.106;0.08;0.99665;6.6;14.0;3.44;0.0;2.6;0.88;-24.3;0.7
12.3;0.063;0.06;0.99489;6.5;29.0;3.38;1.0;2.0;0.6;4.4;0.53
11.05;0.082;0.2;0.99585;6.9;9.0;3.39;0.0;1.9;0.8;-43.7;0.48
11.6;0.071;0.25;0.99633;6.1;23.0;3.42;0.0;2.3;1.07;63.8;0.32
17.4;0.076;0.25;0.9953;6.8;29.0;3.34;0.0;2.0;0.7;-54.9;0.48
10.0;0.075;0.19;0.99522;6.0;22.0;3.39;1.0;2.0;0.2;-89.3;0.42
12.7;0.064;0.08;0.99552;6.7;18.0;3.33;0.0;2.1;1.14;3.4;0.48
10.6;0.064;0.08;0.99553;6.8;18.0;3.3;1.0;2.2;0.15;41.8;0.47
15.8;0.071;0.07;0.9951;7.1;15.0;3.29;1.0;1.7;0.66;2.4;0.53
13.1;0.096;0.49;0.99714;7.9;21.0;3.31;1.0;2.2;0.87;-53.1;0.29
10.2;0.063;0.08;0.99608;7.1;42.0;3.42;1.0;2.1;0.1;5.2;0.69
18.3;0.063;0.09;0.99444;6.6;9.0;3.42;1.0;2.2;0.6;-16.2;0.44
3.2;0.081;0.1;0.99631;6.1;13.0;3.6;0.0;2.8;1.16;-25.2;0.705
1.9;0.058;0.13;0.99573;7.2;18.0;3.21;1.0;2.0;0.88;-19.8;0.53
11.0;0.074;0.3;0.99717;8.0;32.0;3.39;0.0;1.9;0.81;92.4;0.39
18.7;0.064;0.14;0.99397;6.6;13.0;3.42;1.0;2.4;0.9;31.9;0.56
14.7;0.075;0.13;0.9959;7.0;15.0;3.36;1.0;2.2;0.89;38.5;0.55
7.3;0.077;0.08;0.99528;6.1;24.0;3.6;1.0;1.9;0.3;-85.5;0.53
15.2;0.059;0.08;0.99484;5.4;20.0;3.5;1.0;1.9;0.4;34.1;0.58
19.0;0.081;0.09;0.99538;6.2;15.0;3.57;0.0;2.5;0.63;2.6;0.64
8.9;0.065;0.32;0.99714;7.2;34.0;3.46;0.0;1.8;1.28;66.0;0.39
10.6;0.071;0.08;0.99646;6.2;11.0;3.56;1.0;4.4;0.73;35.2;0.52
16.9;0.054;0.29;0.99666;7.4;19.0;3.4;1.0;2.2;0.86;-44.1;0.25
13.75;0.064;0.02;0.99472;6.7;29.0;3.3;1.0;1.9;0.4;-72.2;0.855
5.4;0.064;0.42;0.99758;11.1;14.0;3.25;1.0;2.2;1.17;-17.1;0.44
17.2;0.063;0.43;0.9955;8.4;12.0;3.17;1.0;2.3;0.51;20.9;0.37
11.1;0.059;0.33;0.99531;6.5;16.0;3.36;1.0;1.8;0.94;2.8;0.63
12.2;0.072;0.02;0.99575;7.0;17.0;3.36;0.0;2.0;0.51;-23.4;0.57
12.1;0.048;0.1;0.99306;6.3;12.0;3.55;0.0;1.6;0.91;2.6;0.6
12.4;0.099;0.5;0.99783;11.2;19.0;3.1;0.0;2.0;0.3;5.0;0.4
9.4;0.074;0.3;0.99419;7.4;17.0;3.24;1.0;1.8;0.5;26.4;0.36
8.5;0.087;0.0;0.99783;7.1;17.0;3.45;0.0;2.3;1.23;2.6;0.68
9.4;0.083;0.0;0.99768;7.1;18.0;3.44;0.0;2.3;0.64;2.7;0.67
10.3;0.103;0.01;0.99586;6.3;32.0;3.51;1.0;3.7;0.4;59.4;0.68
15.4;0.08;0.0;0.99765;7.3;18.0;3.41;0.0;2.2;0.7;-25.2;0.735
8.0;0.062;0.02;0.99627;6.6;15.0;3.54;1.0;2.4;0.4;-20.7;0.855
3.55;0.065;0.17;0.99514;7.0;15.0;3.44;1.0;1.7;0.98;-21.6;0.56
10.9;0.066;0.04;0.99636;6.6;12.0;3.53;0.0;2.2;0.56;2.0;0.88
3.0;0.062;0.02;0.99627;6.6;15.0;3.54;1.0;2.4;0.9;-20.7;0.855
10.5;0.235;0.33;0.99787;6.9;66.0;3.22;0.0;6.7;0.36;126.5;0.63
8.9;0.08;0.26;0.99622;7.8;31.0;3.21;0.0;2.0;0.42;-117.9;0.6
2.9;0.08;0.26;0.99622;7.8;31.0;3.21;0.0;2.0;0.92;-248.9;0.6
8.9;0.08;0.26;0.99622;7.8;31.0;3.21;0.0;2.0;0.52;144.1;0.6
8.1;0.076;0.13;0.99546;7.2;12.0;3.29;0.0;2.0;0.3;2.0;0.695
12.1;0.076;0.13;0.99546;7.2;12.0;3.29;0.0;2.0;0.8;-38.0;0.695
12.1;0.076;0.13;0.99546;7.2;12.0;3.29;0.0;2.0;0.84;2.0;0.695
8.9;0.061;0.02;0.99489;6.7;26.0;3.39;1.0;1.9;1.12;4.2;0.67
6.2;0.059;0.64;0.99494;6.7;24.0;3.34;1.0;2.1;0.51;57.2;0.16
7.1;0.076;0.13;0.99546;7.2;12.0;3.29;0.0;2.0;0.54;2.0;0.695
13.2;0.077;0.13;0.99629;7.0;25.0;3.34;0.0;1.6;0.2;-79.8;0.56
6.5;0.056;0.14;0.99396;6.2;15.0;3.48;1.0;1.9;0.57;37.4;0.51
14.4;0.23;0.53;0.9934;6.4;19.0;3.37;1.0;2.2;1.53;-31.5;0.36
13.1;0.038;0.14;0.99514;6.4;15.0;3.44;1.0;2.2;0.2;-22.5;0.38
14.5;0.069;0.32;0.99632;7.3;35.0;3.33;0.0;2.2;0.81;-93.6;0.69
11.5;0.075;0.2;0.99467;6.0;15.0;3.58;1.0;2.4;0.9;-95.0;0.58
15.5;0.074;0.78;0.99677;5.6;23.0;3.39;1.0;13.9;0.5;101.2;0.31
12.8;0.06;0.4;0.99474;7.5;12.0;3.26;1.0;2.2;0.54;-18.0;0.52
15.8;0.081;0.63;0.99588;8.0;16.0;3.3;1.0;1.6;0.88;-55.1;0.3
16.9;0.076;0.15;0.99622;6.2;13.0;3.54;1.0;5.1;0.4;2.7;0.7
12.3;0.118;0.15;0.9954;6.8;13.0;3.42;1.0;1.8;0.6;2.0;0.67
14.3;0.053;0.09;0.99402;6.2;24.0;3.54;0.0;1.7;0.8;35.2;0.56
12.9;0.068;0.33;0.9947;7.4;9.0;3.36;1.0;2.4;0.5;-49.4;0.35
3.3;0.053;0.09;0.99402;6.2;24.0;3.54;0.0;1.7;0.7;35.2;0.56
15.9;0.053;0.1;0.99362;6.1;13.0;3.57;0.0;2.6;0.5;-51.3;0.715
7.8;0.074;0.29;0.99578;6.2;32.0;3.33;0.0;2.1;0.4;9.8;0.46
14.6;0.061;0.44;0.99484;6.7;24.0;3.29;1.0;2.4;0.7;37.4;0.32
12.5;0.066;0.44;0.99494;7.2;22.0;3.3;1.0;2.6;0.4;-43.2;0.39
8.4;0.065;0.41;0.99492;7.5;34.0;3.34;1.0;2.4;1.05;-114.0;0.31
4.9;0.066;0.11;0.99483;5.8;18.0;3.55;1.0;1.8;0.9;-25.2;0.61
14.8;0.068;0.33;0.99414;7.2;34.0;3.27;1.0;2.5;0.1;10.2;0.66
8.2;0.073;0.2;0.9977;6.6;29.0;3.29;0.0;7.8;0.8;7.9;0.725
9.6;0.077;0.15;0.99314;6.3;26.0;3.32;1.0;1.8;0.8;-31.5;0.55
10.6;0.089;0.09;0.99402;5.4;16.0;3.67;1.0;1.7;0.66;28.6;0.74
14.0;0.076;0.13;0.99574;6.3;29.0;3.42;1.0;2.3;0.95;-76.0;0.51
6.5;0.068;0.08;0.99651;6.8;28.0;3.42;1.0;1.9;0.92;3.8;0.62
11.5;0.09;0.08;0.9949;6.2;32.0;3.45;0.0;2.0;0.3;-83.6;0.6
14.2;0.062;0.1;0.99512;5.9;39.0;3.52;1.0;2.2;0.7;-96.9;0.55
14.0;0.076;0.13;0.99574;6.3;29.0;3.42;1.0;2.3;0.55;44.0;0.51
11.2;0.075;0.12;0.99547;5.9;32.0;3.57;0.0;2.0;0.2;-39.6;0.645
9.0;0.067;0.47;0.99549;6.0;18.0;3.39;1.0;3.6;0.3;-79.8;0.31
