Time;alcohol;chlorides;citric acid;density;fixed acidity;free sulfur dioxide;pH;quality;residual sugar;sulphates;total sulfur dioxide;volatile acidity
0;9,4;0,076;0;0,9978;7,4;11;3,51;5;1,9;0,56;34;0,7
1;9,8;0,098;0;0,9968;7,8;25;3,2;5;2,6;0,68;67;0,88
2;9,8;0,092;0,04;0,997;7,8;15;3,26;5;2,3;0,65;54;0,76
3;9,8;0,075;0,56;0,998;11,2;17;3,16;6;1,9;0,58;60;0,28
4;9,4;0,076;0;0,9978;7,4;11;3,51;5;1,9;0,56;34;0,7
5;9,4;0,075;0;0,9978;7,4;13;3,51;5;1,8;0,56;40;0,66
6;9,4;0,069;0,06;0,9964;7,9;15;3,3;5;1,6;0,46;59;0,6
7;10;0,065;0;0,9946;7,3;15;3,39;7;1,2;0,47;21;0,65
8;9,5;0,073;0,02;0,9968;7,8;9;3,36;7;2;0,57;18;0,58
9;10,5;0,071;0,36;0,9978;7,5;17;3,35;5;6,1;0,8;102;0,5
10;9,2;0,097;0,08;0,9959;6,7;15;3,28;5;1,8;0,54;65;0,58
11;10,5;0,071;0,36;0,9978;7,5;17;3,35;5;6,1;0,8;102;0,5
12;9,9;0,089;0;0,9943;5,6;16;3,58;5;1,6;0,52;59;0,615
13;9,1;0,114;0,29;0,9974;7,8;9;3,26;5;1,6;1,56;29;0,61
14;9,2;0,176;0,18;0,9986;8,9;52;3,16;5;3,8;0,88;145;0,62
15;9,2;0,17;0,19;0,9986;8,9;51;3,17;5;3,9;0,93;148;0,62
16;10,5;0,092;0,56;0,9969;8,5;35;3,3;7;1,8;0,75;103;0,28
17;9,3;0,368;0,28;0,9968;8,1;16;3,11;5;1,7;1,28;56;0,56
18;9;0,086;0,08;0,9974;7,4;6;3,38;4;4,4;0,5;29;0,59
19;9,2;0,341;0,51;0,9969;7,9;17;3,04;6;1,8;1,08;56;0,32
20;9,4;0,077;0,48;0,9968;8,9;29;3,39;6;1,8;0,53;60;0,22
21;9,7;0,082;0,31;0,9982;7,6;23;3,52;5;2,3;0,65;71;0,39
22;9,5;0,106;0,21;0,9966;7,9;10;3,17;5;1,6;0,91;37;0,43
23;9,4;0,084;0,11;0,9968;8,5;9;3,17;5;2,3;0,53;67;0,49
24;9,7;0,085;0,14;0,9968;6,9;21;3,43;6;2,4;0,63;40;0,4
25;9,3;0,08;0,16;0,9955;6,3;11;3,34;5;1,4;0,56;23;0,39
26;9,5;0,08;0,24;0,9962;7,6;4;3,28;5;1,8;0,59;11;0,41
27;9,5;0,106;0,21;0,9966;7,9;10;3,17;5;1,6;0,91;37;0,43
28;9,4;0,08;0;0,9972;7,1;14;3,47;5;1,9;0,55;35;0,71
29;9,8;0,082;0;0,9964;7,8;8;3,38;6;2;0,59;16;0,645
30;10,1;0,089;0,07;0,9958;6,7;17;3,35;5;2,4;0,54;82;0,675
31;10,6;0,105;0;0,9966;6,9;22;3,46;6;2,5;0,57;37;0,685
32;9,8;0,083;0,12;0,9966;8,3;15;3,17;5;2,3;0,66;113;0,655
33;9,4;0,073;0,12;0,9993;6,9;40;3,45;6;10,7;0,52;83;0,605
34;9,2;0,103;0,25;0,9957;5,2;13;3,38;5;1,8;0,55;50;0,32
35;9,6;0,086;0;0,9986;7,8;5;3,4;6;5,5;0,55;18;0,645
36;10,8;0,086;0,14;0,9975;7,8;3;3,42;6;2,4;0,6;15;0,6
37;9,7;0,066;0,28;0,9968;8,1;13;3,23;7;2,1;0,73;30;0,38
38;9,8;0,172;0,09;0,994;5,7;7;3,5;4;1,5;0,48;19;1,13
39;10,5;0,074;0,36;0,9978;7,3;12;3,33;5;5,9;0,83;87;0,45
40;10,5;0,074;0,36;0,9978;7,3;12;3,33;5;5,9;0,83;87;0,45
41;9,3;0,088;0,3;0,9976;8,8;17;3,26;4;2,8;0,51;46;0,61
42;10,5;0,332;0,2;0,9968;7,5;8;3,21;6;2,6;0,9;14;0,49
43;10,3;0,069;0,22;0,9968;8,1;9;3,3;5;2,2;1,2;23;0,66
44;9,5;0,05;0,02;0,9962;6,8;5;3,48;5;1,8;0,52;11;0,67
45;13,1;0,054;0,15;0,9934;4,6;8;3,9;4;2,1;0,56;65;0,52
46;9,2;0,114;0,43;0,997;7,7;22;3,25;5;2,2;0,73;114;0,935
47;9,5;0,113;0,52;0,9969;8,7;12;3,25;5;1,6;0,58;37;0,29
48;9,2;0,066;0,23;0,9958;6,4;5;3,34;5;1,6;0,56;12;0,4
49;9,2;0,074;0,37;0,9954;5,6;12;3,32;5;1,4;0,58;96;0,31
50;9,2;0,074;0,26;0,9971;8,8;4;3,15;5;1,7;0,74;23;0,66
51;9,4;0,069;0,04;0,9956;6,6;8;3,4;6;2,2;0,63;15;0,52
52;9,4;0,068;0,04;0,9955;6,6;6;3,39;6;2,1;0,64;14;0,5
53;9,4;0,081;0,36;0,997;8,6;30;3,2;5;3;0,56;119;0,38
54;10,2;0,11;0,15;0,9955;7,6;33;3,17;6;2,8;0,63;73;0,51
55;9,5;0,084;0,04;0,9978;7,7;25;3,34;5;3,8;0,53;45;0,62
56;9,6;0,07;0,57;0,9971;10,2;4;3,04;5;3,4;0,63;10;0,42
57;9,4;0,111;0,12;0,9983;7,5;50;3,26;5;5,1;0,77;110;0,63
58;10;0,076;0,18;0,9975;7,8;17;3,43;5;2,3;0,59;54;0,59
59;9,4;0,074;0,31;0,9962;7,3;9;3,41;6;2,4;0,54;46;0,39
60;9,2;0,079;0,4;0,998;8,8;19;3,44;5;2,2;0,64;52;0,4
61;9,3;0,115;0,49;0,9968;7,7;20;3,21;5;1,8;0,71;112;0,69
62;9,5;0,085;0,16;0,9968;7,5;12;3,38;7;1,9;0,62;35;0,52
63;9,8;0,081;0,05;0,9966;7;13;3,39;5;2;0,57;54;0,735
64;10,9;0,086;0,05;0,9962;7,2;4;3,41;5;4,65;0,39;11;0,725
65;10,9;0,086;0,05;0,9962;7,2;4;3,41;5;4,65;0,39;11;0,725
66;9,6;0,079;0,11;0,9968;7,5;11;3,42;5;1,5;0,58;39;0,52
67;10,7;0,076;0,07;0,9962;6,6;6;3,44;5;1,6;0,58;15;0,705
68;10,7;0,074;0,57;0,9969;9,3;27;3,28;5;2;0,79;65;0,32
69;10,5;0,074;0,05;0,9962;8;8;3,34;6;1,9;0,95;19;0,705
70;9,5;0,076;0,08;0,9967;7,7;15;3,32;6;1,9;0,54;27;0,63
71;9,5;0,088;0,23;0,9962;7,7;17;3,32;5;2,1;0,48;96;0,67
72;9,5;0,084;0,22;0,9961;7,7;18;3,31;5;1,9;0,48;94;0,69
73;9,2;0,084;0,26;0,9976;8,3;11;3,31;4;2,1;0,53;43;0,675
74;9,6;0,094;0,54;0,9984;9,7;28;3,28;5;2,5;0,82;83;0,32
75;10,5;0,093;0,64;0,9986;8,8;9;3,54;5;2,2;0,66;42;0,41
76;10,5;0,093;0,64;0,9986;8,8;9;3,54;5;2,2;0,66;42;0,41
77;10,7;0,104;0;0,9966;6,8;14;3,52;6;2,4;0,55;30;0,785
78;10,1;0,086;0,12;0,9958;6,7;12;3,38;5;2;0,52;80;0,75
79;9,1;0,08;0,2;0,9972;8,3;27;3,16;4;1,5;1,12;119;0,625
80;9,2;0,069;0,2;0,9958;6,2;3;3,41;5;1,6;0,56;15;0,45
81;9,4;0,464;0,7;0,9974;7,8;22;3,13;5;1,9;1,28;67;0,43
82;9,1;0,086;0,47;0,997;7,4;21;3,36;5;2;0,57;73;0,5
83;9,4;0,401;0,26;0,9969;7,3;16;3,16;5;1,8;1,14;51;0,67
84;10,3;0,069;0,48;0,9959;6,3;18;3,44;6;1,8;0,78;61;0,3
85;10,1;0,076;0,15;0,9961;6,9;19;3,41;5;2,2;0,59;40;0,55
86;9,9;0,11;0,28;0,9972;8,6;20;2,93;6;1,9;1,95;136;0,49
87;9,6;0,062;0,26;0,9966;7,7;9;3,39;5;1,9;0,64;31;0,49
88;9,5;0,107;0,44;0,9978;9,3;34;3,14;5;2,1;1,22;125;0,39
89;9;0,076;0,08;0,9978;7;8;3,48;5;1,8;0,53;24;0,62
90;9,5;0,079;0,26;0,9964;7,9;42;3,23;5;1,9;0,54;140;0,52
91;9,9;0,11;0,28;0,9972;8,6;20;2,93;6;1,9;1,95;136;0,49
92;9,8;0,11;0,29;0,9972;8,6;19;2,93;5;2;1,98;133;0,49
93;9,6;0,062;0,26;0,9966;7,7;9;3,39;5;1,9;0,64;31;0,49
94;10,5;0,045;0,04;0,9938;5;41;3,75;4;1,4;0,48;85;1,02
95;12,9;0,058;0,17;0,9932;4,7;17;3,85;6;2,3;0,6;106;0,6
96;10,7;0,102;0;0,9965;6,8;8;3,45;5;3;0,56;23;0,775
97;9,2;0,07;0,25;0,9963;7;3;3,25;5;2;0,63;22;0,5
98;9,8;0,079;0,06;0,9967;7,6;5;3,39;5;2,5;0,56;10;0,9
99;9;0,08;0,18;0,9972;8,1;13;3,3;6;1,9;0,59;35;0,545
100;10,2;0,084;0,3;0,9972;8,3;11;3,4;6;2,1;0,61;50;0,61
101;10,4;0,075;0,3;0,9959;7,8;8;3,31;6;1,9;0,56;22;0,5
102;9;0,08;0,18;0,9972;8,1;13;3,3;6;1,9;0,59;35;0,545
103;9,2;0,077;0,22;0,9967;8,1;12;3,29;5;2,1;0,51;65;0,575
104;9,4;0,07;0,24;0,996;7,2;5;3,33;5;2,2;0,48;36;0,49
105;9,2;0,077;0,22;0,9967;8,1;12;3,29;5;2,1;0,51;65;0,575
106;9,3;0,467;0,68;0,9973;7,8;18;3,08;5;1,7;1,31;69;0,41
107;9,3;0,088;0,31;0,9969;6,2;15;3,46;5;1,7;0,79;64;0,63
108;9,6;0,091;0,53;0,9976;8;18;3,37;6;2,5;0,8;80;0,33
109;9,3;0,122;0,52;0,9969;8,1;37;3,21;5;2;0,69;153;0,785
110;9,5;0,104;0,19;0,9964;7,8;12;3,19;5;1,8;0,93;47;0,56
111;9,8;0,084;0,09;0,9964;8,4;11;3,15;5;2,2;0,66;108;0,62
112;9,8;0,085;0,1;0,9964;8,4;14;3,15;5;2,2;0,66;111;0,6
113;9,7;0,08;0,44;0,9988;10,1;22;3,32;6;2,3;0,67;46;0,31
114;9,5;0,104;0,19;0,9964;7,8;12;3,19;5;1,8;0,93;47;0,56
115;10,5;0,09;0,31;0,9966;9,4;13;3,07;6;2,2;0,63;62;0,4
116;10;0,077;0,28;0,9978;8,3;11;3,39;6;1,9;0,61;40;0,54
117;9,4;0,082;0,12;0,997;7,8;7;3,37;6;2;0,5;28;0,56
118;10,9;0,119;0,04;0,9962;8,8;14;3,21;6;2,2;0,6;56;0,55
119;9,2;0,097;0,08;0,9959;7;22;3,34;6;1,8;0,54;89;0,69
120;9;0,178;0,09;0,9962;7,3;10;3,3;5;1,7;0,57;89;1,07
121;10,9;0,119;0,04;0,9962;8,8;14;3,21;6;2,2;0,6;56;0,55
122;9,2;0,075;0;0,998;7,3;3;3,49;5;2,5;0,52;13;0,695
123;9,5;0,08;0;0,9976;8;11;3,44;5;2,6;0,53;34;0,71
124;9,5;0,082;0,17;0,996;7,8;21;3,39;5;1,6;0,48;102;0,5
125;9,4;0,146;0,04;0,9984;9;27;3,16;5;1,9;0,7;90;0,62
126;10,9;0,081;0;0,9964;8,2;3;3,53;5;1,7;0,49;12;1,33
127;10,9;0,082;0;0,9964;8,1;3;3,54;5;1,8;0,48;12;1,33
128;10,5;0,065;0,16;0,9962;8;3;3,42;7;1,8;0,92;16;0,59
129;9,4;0,072;0,15;0,9955;6,1;6;3,42;5;1,8;0,57;19;0,38
130;9,4;0,118;0,56;0,9968;8;30;3,24;5;2;0,66;134;0,745
131;13;0,049;0,09;0,9937;5,6;17;3,63;5;2,3;0,63;99;0,5
132;13;0,049;0,09;0,9937;5,6;17;3,63;5;2,3;0,63;99;0,5
133;9,8;0,06;0,01;0,9952;6,6;17;3,4;6;1,5;0,58;26;0,5
134;9,9;0,084;0,05;0,9959;7,9;13;3,22;6;2,2;0,55;29;1,04
135;9,6;0,09;0,11;0,9965;8,4;16;3,19;5;1,9;0,82;63;0,745
136;9,5;0,089;0,15;0,9968;8,3;10;3,23;5;1,8;0,77;52;0,715
137;9,2;0,081;0,36;0,9972;7,2;13;3,48;5;2;0,64;45;0,415
138;9,5;0,081;0,19;0,9962;7,8;15;3,33;5;2,1;0,54;105;0,56
139;9,5;0,081;0,19;0,9962;7,8;17;3,32;5;2;0,54;108;0,56
140;9,6;0,09;0,11;0,9965;8,4;16;3,19;5;1,9;0,82;63;0,745
141;9,5;0,089;0,15;0,9968;8,3;10;3,23;5;1,8;0,77;52;0,715
142;14;0,05;0;0,9916;5,2;27;3,68;6;1,8;0,79;63;0,34
143;9,4;0,066;0,08;0,9954;6,3;3;3,34;5;1,7;0,58;20;0,39
144;14;0,05;0;0,9916;5,2;27;3,68;6;1,8;0,79;63;0,34
145;9,4;0,117;0,55;0,9968;8,1;32;3,17;5;1,8;0,62;141;0,67
146;10;0,087;0,02;0,9944;5,8;21;3,54;5;1,8;0,52;94;0,68
147;9,3;0,236;0,26;0,9968;7,6;10;3,11;5;1,6;0,8;88;0,49
148;10,2;0,074;0,1;0,9959;6,9;12;3,42;6;2,3;0,58;30;0,49
149;10,5;0,089;0,44;0,9975;8,2;11;3,53;6;2,8;0,61;43;0,4
150;10,3;0,077;0,47;0,9958;7,3;5;3,33;6;2,1;0,53;11;0,33
151;9,4;0,61;1;0,9996;9,2;32;2,74;4;3,4;2;69;0,52
152;10,1;0,095;0,03;0,995;7,5;25;3,35;5;1,8;0,54;99;0,6
153;10,1;0,095;0,03;0,995;7,5;25;3,35;5;1,8;0,54;99;0,6
154;10,5;0,07;0,42;0,9973;7,1;29;3,42;5;5,5;0,72;129;0,43
155;10,5;0,071;0,42;0,9973;7,1;28;3,42;5;5,5;0,71;128;0,43
156;10,5;0,07;0,42;0,9973;7,1;29;3,42;5;5,5;0,72;129;0,43
157;10,5;0,071;0,42;0,9973;7,1;28;3,42;5;5,5;0,71;128;0,43
158;9,3;0,073;0;0,9969;7,1;12;3,48;5;2,2;0,5;22;0,68
159;9,3;0,079;0,18;0,9968;6,8;18;3,59;6;1,9;0,57;86;0,6
160;9,6;0,09;0,03;0,9959;7,6;7;3,2;5;2;0,56;20;0,95
161;9,2;0,072;0,02;0,9965;7,6;9;3,17;4;1,3;1,08;20;0,68
162;10;0,076;0,04;0,9964;7,8;17;3,33;6;1,7;0,56;31;0,53
163;9,4;0,07;0,26;0,9982;7,4;36;3,37;5;7,3;0,49;121;0,6
164;9,4;0,07;0,26;0,9981;7,3;35;3,37;5;7,2;0,49;121;0,59
165;9,5;0,1;0,48;0,9961;7,8;14;3,19;5;1,7;0,62;96;0,63
166;10,2;0,085;0,1;0,9956;6,8;18;3,34;5;2,1;0,52;101;0,64
167;9;0,072;0,03;0,9956;7,3;17;3,37;4;1,6;0,48;42;0,55
168;10,4;0,089;0,07;0,9953;6,8;11;3,47;6;2,1;0,55;44;0,63
169;9,5;0,36;0,24;0,9964;7,5;15;3;5;1,8;1,59;63;0,705
170;9,1;0,058;0,03;0,9972;7,9;4;3,36;4;1,8;0,33;8;0,885
171;9,2;0,073;0,17;0,9972;8;6;3,29;6;2;0,61;18;0,42
172;9,2;0,073;0,17;0,9972;8;6;3,29;6;2;0,61;18;0,42
173;11,5;0,068;0,05;0,9961;7,4;24;3,42;6;1,9;0,57;42;0,62
174;9,5;0,08;0,21;0,9961;7,3;7;3,33;5;2;0,47;35;0,38
175;9,5;0,085;0,04;0,9958;6,9;19;3,35;5;1,5;0,78;49;0,5
176;9,5;0,08;0,21;0,9961;7,3;7;3,33;5;2;0,47;35;0,38
177;10,5;0,087;0,42;0,9972;7,5;8;3,58;6;2,3;0,61;38;0,52
178;9,6;0,068;0;0,9969;7;7;3,48;5;2,5;0,56;20;0,805
179;9,5;0,067;0,14;0,9969;8,8;10;3,19;5;2,4;0,59;42;0,61
180;9,5;0,067;0,14;0,9969;8,8;10;3,19;5;2,4;0,59;42;0,61
181;9,3;0,27;0,49;0,9972;8,9;23;3,12;5;2;1,02;110;0,61
182;9,3;0,076;0,02;0,9972;7,2;16;3,44;5;2,5;0,52;42;0,73
183;9,3;0,077;0,2;0,9971;6,8;11;3,54;5;1,8;0,58;65;0,61
184;9,3;0,079;0,21;0,997;6,7;8;3,52;6;1,9;0,58;62;0,62
185;9,7;0,111;0,57;0,9971;8,9;26;3,26;5;2;0,53;85;0,31
186;9,2;0,082;0,48;0,9972;7,4;14;3,34;5;2;0,55;67;0,39
187;9,7;0,084;0,1;0,9976;7,7;9;3,39;5;2,6;0,49;26;0,705
188;9,5;0,084;0,33;0,9968;7,9;15;3,2;5;2;0,55;143;0,5
189;9,5;0,082;0,32;0,9968;7,9;17;3,2;5;1,9;0,55;144;0,49
190;9,4;0,077;0,35;0,9976;8,2;21;3,23;5;2,9;0,62;127;0,5
191;9,8;0,074;0,25;0,9974;6,4;21;3,57;6;1,9;0,62;49;0,37
192;9,5;0,099;0,12;0,9969;6,8;16;3,28;5;3,8;0,61;126;0,63
193;9,7;0,071;0,21;0,9964;7,6;7;3,28;5;2,2;0,55;28;0,55
194;9,7;0,071;0,21;0,9964;7,6;7;3,28;5;2,2;0,55;28;0,55
195;9,4;0,074;0,33;0,9968;7,8;24;3,25;5;2;0,54;120;0,59
196;10,2;0,074;0,3;0,9968;7,3;15;3,46;5;2,4;0,59;55;0,58
197;10,1;0,067;0,6;0,9981;11,5;12;3,11;6;2;0,97;27;0,3
198;13;0,046;0,08;0,9924;5,4;13;3,57;7;1,2;0,85;93;0,835
199;11,4;0,061;0,06;0,9948;6,9;12;3,51;4;2,1;0,43;31;1,09
200;10,3;0,056;0,47;0,99695;9,6;9;3,22;7;1,4;0,82;24;0,32
201;9,3;0,097;0,48;0,9975;8,8;39;3,04;5;2,1;1,03;145;0,37
202;9,5;0,075;0,11;0,99545;6,8;16;3,36;5;1,5;0,79;49;0,5
203;9,2;0,088;0,35;0,9961;7;16;3,34;5;1,6;0,55;39;0,42
204;9,2;0,089;0,36;0,99615;7;14;3,34;6;1,6;0,56;37;0,43
205;10,8;0,095;0,74;0,9994;12,8;9;3,2;7;2,6;0,77;28;0,3
206;10,8;0,095;0,74;0,9994;12,8;9;3,2;7;2,6;0,77;28;0,3
207;9,3;0,069;0,31;0,99625;7,8;26;3,29;5;1,8;0,53;120;0,57
208;9,4;0,1;0,28;0,9966;7,8;18;3,22;5;2,7;0,67;95;0,44
209;10,5;0,054;0,58;0,998;11;7;3,31;7;2,1;0,88;19;0,3
210;12,4;0,039;0,6;0,99585;9,7;5;3,3;6;2;0,86;19;0,53
211;10;0,083;0,24;0,99685;8;10;3,35;6;2,8;0,56;62;0,725
212;10,2;0,059;0,64;0,998;11,6;5;3,21;6;2,1;0,67;15;0,44
213;10,1;0,06;0,26;0,9959;8,2;28;3,3;5;2,2;0,43;65;0,57
214;9,8;0,092;0,08;0,9974;7,8;10;3,24;6;2,4;0,71;41;0,735
215;10,5;0,06;0,49;0,9974;7;26;3,34;5;5,6;0,76;121;0,49
216;11;0,101;0,16;0,9962;8,7;13;3,14;5;2;0,57;49;0,625
217;9,1;0,072;0,22;0,9967;8,1;11;3,36;5;2,2;0,55;41;0,725
218;9,7;0,076;0,19;0,9957;7,5;10;3,39;5;1,9;0,54;44;0,49
219;9,5;0,08;0,33;0,99655;7,8;24;3,3;5;2,4;0,6;144;0,53
220;9,4;0,082;0,37;0,9964;7,8;24;3,34;6;2;0,59;58;0,34
221;9,4;0,101;0,26;0,9957;7,4;16;3,15;5;2;0,57;72;0,53
222;9,5;0,057;0,04;0,99525;6,8;5;3,42;5;1,5;0,6;10;0,61
223;10;0,083;0,25;0,99815;8,6;8;3,28;6;2;0,6;28;0,645
224;10,4;0,089;0,36;0,99745;8,4;15;3,31;4;2;0,57;55;0,635
225;10,5;0,073;0,25;0,99615;7,7;29;3,37;6;2,6;0,58;63;0,43
226;9,5;0,337;0,5;0,9964;8,9;27;3,04;6;2;1,61;81;0,59
227;9,8;0,089;0,14;0,9984;9;9;3,39;5;2,6;0,63;23;0,82
228;10,5;0,073;0,25;0,99615;7,7;29;3,37;6;2,6;0,58;63;0,43
229;11;0,081;0,25;0,99685;6,9;10;3,46;5;2,6;0,5;37;0,52
230;12,2;0,054;0,04;0,9927;5,2;19;3,54;7;1,6;0,62;106;0,48
231;9,9;0,078;0,06;0,99625;8;12;3,37;6;1,8;0,52;49;0,38
232;9,6;0,09;0,2;0,998;8,5;18;3,34;6;2,8;0,7;58;0,37
233;11;0,081;0,25;0,99685;6,9;10;3,46;5;2,6;0,5;37;0,52
234;9;0,065;0,09;0,99685;8,2;7;3,32;6;2,3;0,55;37;1
235;9;0,097;0;0,99675;7,2;14;3,37;6;1,9;0,58;38;0,63
236;9;0,097;0;0,99675;7,2;14;3,37;6;1,9;0,58;38;0,63
237;9,2;0,097;0;0,99675;7,2;15;3,37;6;1,9;0,58;39;0,645
238;9;0,097;0;0,99675;7,2;14;3,37;6;1,9;0,58;38;0,63
239;9;0,065;0,09;0,99685;8,2;7;3,32;6;2,3;0,55;37;1
240;9,3;0,263;0,37;0,9971;8,9;5;3;5;1,7;1,09;62;0,635
241;10,9;0,093;0,56;0,99925;12;6;3,14;6;2,1;0,71;24;0,38
242;9,8;0,102;0,1;0,99565;7,7;28;3,08;6;1,8;0,49;109;0,58
243;9,2;0,075;0,44;1,00005;15;10;3,07;7;2,2;0,84;24;0,21
244;9,2;0,075;0,44;1,00005;15;10;3,07;7;2,2;0,84;24;0,21
245;9,9;0,084;0;0,9983;7,3;6;3,61;6;2;0,96;23;0,66
246;9,5;0,075;0,07;0,99685;7,1;16;3,38;5;1,9;0,52;51;0,68
247;9,3;0,072;0,17;0,9963;8,2;11;3,2;5;2,3;0,45;73;0,6
248;9,8;0,074;0,06;0,99615;7,7;9;3,35;6;1,7;0,48;39;0,53
249;9,9;0,084;0;0,9983;7,3;6;3,61;6;2;0,96;23;0,66
250;10;0,063;0,44;0,9985;10,8;16;3,22;6;1,6;0,78;37;0,32
251;9,9;0,074;0;0,9972;7,1;16;3,47;6;1,8;0,7;34;0,6
252;10,5;0,09;0,48;0,9986;11,1;5;3,17;5;3,1;0,53;21;0,35
253;9,5;0,092;0,42;0,9959;7,7;8;3,23;5;1,9;0,59;86;0,775
254;9,9;0,074;0;0,9972;7,1;16;3,47;6;1,8;0,7;34;0,6
255;9,3;0,073;0,23;0,99675;8;17;3,26;5;3,2;0,57;119;0,57
256;9,2;0,075;0,37;0,998;9,4;5;3,22;5;2,2;0,62;13;0,34
257;9,2;0,075;0;0,9968;6,6;12;3,49;5;2,1;0,67;56;0,695
258;9,4;0,611;0,76;0,9968;7,7;8;3,06;5;1,8;1,26;45;0,41
259;10,5;0,085;0,47;0,99965;10;14;3,36;7;2,6;0,8;33;0,31
260;9,3;0,077;0,23;0,99625;7,9;18;3,29;5;1,7;0,65;45;0,33
261;9,4;0,087;0,04;0,99565;7;12;3,35;4;2;0,6;67;0,975
262;10;0,07;0,03;0,99575;8;10;3,34;5;1,7;0,57;35;0,52
263;9,3;0,077;0,23;0,9963;7,9;23;3,28;5;1,8;0,67;49;0,37
264;10,9;0,064;0,49;0,9999;12,5;5;3,08;5;2,4;0,87;27;0,56
265;10,2;0,071;0,52;0,9968;11,8;6;3,2;7;1,8;0,72;10;0,26
266;9,8;0,096;0;1,00025;8,1;26;3,6;4;3,3;0,72;61;0,87
267;12,8;0,078;0,46;0,9973;7,9;15;3,35;8;3,6;0,86;37;0,35
268;9,4;0,077;0,04;0,9987;6,9;7;3,69;6;3;0,91;27;0,54
269;10,1;0,104;0,51;0,9996;11,5;4;3,28;6;4;0,97;23;0,18
270;10,7;0,087;0,06;0,9965;7,9;27;3,36;6;4;0,67;61;0,545
271;10,1;0,104;0,51;0,9996;11,5;4;3,28;6;4;0,97;23;0,18
272;10,1;0,071;0,58;0,99935;10,9;17;3,22;5;4;0,78;65;0,37
273;9,4;0,076;0,2;0,99735;8,4;10;3,31;5;2,4;0,64;38;0,715
274;9,4;0,088;0,18;0,99915;7,5;27;3,38;5;7;0,77;94;0,65
275;10,7;0,087;0,06;0,9965;7,9;27;3,36;6;4;0,67;61;0,545
276;9,4;0,077;0,04;0,9987;6,9;7;3,69;6;3;0,91;27;0,54
277;10,1;0,104;0,51;0,9996;11,5;4;3,28;6;4;0,97;23;0,18
278;12,6;0,073;0,45;0,9976;10,3;5;3,23;8;6,4;0,82;13;0,32
279;10,5;0,087;0,32;0,9991;8,9;10;3,38;7;5,6;0,77;47;0,4
280;9,3;0,071;0,44;0,9986;11,4;6;3,12;6;3,6;0,82;19;0,26
281;9,9;0,358;0,68;0,9972;7,7;5;3,25;7;3,5;1,08;10;0,27
282;9,1;0,067;0,12;0,9971;7,6;12;3,36;5;3;0,57;53;0,52
283;10,5;0,087;0,32;0,9991;8,9;10;3,38;7;5,6;0,77;47;0,4
284;9,8;0,102;0,07;1,00015;9,9;32;3,31;5;3,4;0,71;71;0,59
285;9,8;0,102;0,07;1,00015;9,9;32;3,31;5;3,4;0,71;71;0,59
286;10,3;0,073;0,55;0,9997;12;25;3,1;6;2;0,76;49;0,45
287;10,3;0,092;0,12;0,9967;7,5;29;3,37;6;3;0,7;53;0,4
288;10,6;0,091;0,09;0,9976;8,7;20;3,34;7;2,5;0,86;49;0,52
289;9,2;0,105;0,53;1,001;11,6;33;3,2;5;3,3;0,95;98;0,42
290;10,6;0,091;0,09;0,9976;8,7;20;3,34;7;2,5;0,86;49;0,52
291;10,5;0,343;0,48;0,9979;11;6;3,3;5;2;0,71;18;0,2
292;10,3;0,091;0,23;0,9994;10,4;18;3,22;6;2,7;0,64;48;0,55
293;10,1;0,098;0,25;0,9964;6,9;5;3,41;6;2,4;0,6;16;0,36
294;9,5;0,094;0,52;1,0014;13,3;17;3,05;6;3,2;0,81;53;0,34
295;9,5;0,073;0,46;1,0001;10,8;5;3,05;5;2,5;0,64;27;0,5
296;9,9;0,086;0,37;0,9981;10,6;26;3,16;5;2,6;0,52;70;0,83
297;9,6;0,083;0,06;0,99855;7,1;8;3,67;5;2;0,73;29;0,63
298;9,7;0,094;0,02;0,9993;7,2;5;3,67;5;2,3;0,8;31;0,65
299;9,6;0,08;0,06;0,99845;6,9;8;3,68;5;2,1;0,71;33;0,67
300;10,7;0,086;0,06;0,9965;7,5;20;3,38;6;2,6;0,59;44;0,53
301;10,1;0,068;0,48;0,9973;11,1;7;3,22;6;1,5;0,64;15;0,18
302;10;0,092;0,12;0,9994;8,3;12;3,51;5;2,6;0,72;28;0,705
303;9,5;0,186;0,12;0,996;7,4;5;3,39;5;1,6;0,54;21;0,67
304;9,2;0,112;0,6;0,9973;8,4;12;3,2;5;2,1;0,52;90;0,65
305;9,3;0,063;0,48;0,9998;10,3;6;3,12;6;2,5;0,59;25;0,53
306;9,4;0,082;0,32;0,9966;7,6;7;3,36;5;2,2;0,52;54;0,62
307;9,5;0,213;0,42;0,9994;10,3;6;3,19;6;2,4;0,62;14;0,41
308;9,5;0,214;0,44;0,9994;10,3;5;3,19;6;2,4;0,63;12;0,43
309;9,5;0,062;0,38;0,9968;7,4;9;3,41;6;1,7;0,53;30;0,29
310;9,3;0,063;0,48;0,9998;10,3;6;3,12;6;2,5;0,59;25;0,53
311;9,4;0,072;0,24;0,996;7,9;15;3,27;6;2;0,54;105;0,53
312;9,5;0,093;0,31;0,99815;9;19;3,32;6;2,8;0,63;98;0,46
313;9,4;0,076;0,3;0,9976;8,6;30;3,3;5;3;0,53;135;0,47
314;11;0,087;0,29;0,99645;7,4;26;3,39;5;2,6;0,68;72;0,36
315;11;0,096;0,29;0,9962;7,1;20;3,42;6;2,5;0,65;53;0,35
316;10,1;0,102;0,23;0,9996;9,6;37;3,3;5;3,4;0,65;92;0,56
317;10,4;0,082;0,12;0,99865;9,6;30;3,3;6;2,9;0,64;74;0,77
318;11,5;0,083;0,39;0,9989;9,8;21;3,37;7;3,2;0,71;59;0,66
319;10,4;0,082;0,12;0,99865;9,6;30;3,3;6;2,9;0,64;74;0,77
320;11,5;0,083;0,39;0,9989;9,8;21;3,37;7;3,2;0,71;59;0,66
321;9,7;0,09;0,26;0,99975;9,3;25;3,24;5;3,4;0,62;87;0,61
322;9,3;0,079;0,05;0,99735;7,8;6;3,29;5;2,3;0,63;18;0,62
323;9,5;0,09;0,42;0,999;10,3;35;3,28;6;2,8;0,7;73;0,59
324;9,2;0,071;0,2;1,0015;10;13;3,16;6;11;0,69;50;0,49
325;9,2;0,071;0,2;1,0015;10;13;3,16;6;11;0,69;50;0,49
326;11,5;0,121;0,66;0,9978;11,6;6;3,05;7;3,65;0,74;14;0,53
327;11,5;0,107;0,5;0,998;10,3;5;3,28;5;4,5;0,83;13;0,44
328;9,7;0,082;0,62;1,0002;13,4;6;3,16;6;2,6;0,67;21;0,27
329;9,5;0,061;0,39;0,9981;10,7;7;3,18;5;2;0,62;15;0,46
330;12,5;0,122;0,64;0,998;10,2;10;3,23;6;2,9;0,66;41;0,36
331;12,5;0,122;0,64;0,998;10,2;10;3,23;6;2,9;0,66;41;0,36
332;9,4;0,066;0,28;0,9973;8;21;3,22;6;3,2;0,54;114;0,58
333;11;0,105;0,08;0,9958;8,4;16;3,13;5;2,1;0,52;44;0,56
334;11,7;0,078;0,01;0,9963;7,9;17;3,34;7;2,5;0,74;38;0,65
335;12,2;0,128;0,53;0,9992;11,9;7;3,17;7;3,4;0,84;21;0,695
336;12,5;0,052;0,45;0,9948;8,9;6;3,35;6;1,9;0,7;16;0,43
337;10,3;0,08;0,32;0,9974;7,8;29;3,31;5;2,8;0,64;58;0,43
338;11,5;0,103;0,58;1,0008;12,4;28;3,16;6;3;1;99;0,49
339;9,8;0,082;0,54;0,9997;12,5;12;3,11;7;2,3;1,36;29;0,28
340;9,2;0,066;0,5;1;12,2;10;3,12;6;2,4;1,18;21;0,34
341;11,3;0,065;0,48;0,9972;10,6;5;3,21;6;2,7;0,87;18;0,42
342;9,8;0,118;0,47;0,9982;10,9;6;3,3;6;1,8;0,75;14;0,39
343;9,8;0,118;0,47;0,9982;10,9;6;3,3;6;1,8;0,75;14;0,39
344;10,7;0,082;0,5;1,0006;11,9;6;3,12;6;2,6;0,78;32;0,57
345;9,9;0,067;0;0,9979;7;40;3,6;5;1,9;0,81;63;0,685
346;12,3;0,072;0,02;0,9955;6,6;17;3,58;7;2,7;0,89;34;0,815
347;12;0,093;0,67;0,9986;13,8;6;3,02;6;3;0,93;15;0,49
348;10;0,089;0,31;0,9979;9,6;15;3,11;6;2,8;0,92;46;0,56
349;9,4;0,093;0;0,9994;9,1;11;3,36;6;2,6;0,86;28;0,785
350;9,9;0,107;0,22;1,0004;10,7;17;3,28;6;2,7;0,98;34;0,67
351;9,4;0,096;0;0,9994;9,1;11;3,35;6;2,6;0,83;26;0,795
352;9,3;0,09;0;0,9974;7,7;8;3,27;5;2,4;0,73;19;0,665
353;13;0,12;0,79;1,0018;13,5;23;3,18;5;4,8;0,77;77;0,53
354;11,9;0,066;0,4;0,9912;6,1;40,5;3,25;6;1,4;0,59;165;0,21
355;12,8;0,078;0,01;0,9955;6,7;17;3,55;6;2,4;0,61;32;0,75
356;11;0,08;0,52;1,0001;11,5;29;3,26;5;3;0,88;55;0,41
357;11,7;0,116;0,66;0,997;10,5;12;3,24;7;2,95;0,75;29;0,42
358;10,4;0,109;0,66;1;11,9;10;3,15;7;3,1;0,85;23;0,43
359;9,8;0,088;0,66;1,001;12,6;10;3,17;6;2,6;0,68;41;0,38
360;9,4;0,099;0,23;0,9973;8,2;14;3,19;5;2;0,7;81;0,7
361;9,9;0,086;0,31;0,9982;8,6;21;3,37;6;2,6;0,91;50;0,45
362;10;0,072;0,66;0,9992;11,9;6;3,05;5;2,5;0,56;37;0,58
363;10,2;0,071;0,63;0,9988;12,5;6;2,99;5;2;0,87;15;0,46
364;10;0,083;0,66;1,0022;12,8;7;3,07;7;5,8;0,73;42;0,615
365;11,8;0,107;0,5;0,9979;10;7;3,26;6;3,4;0,93;21;0,42
366;10;0,083;0,66;1,0022;12,8;7;3,07;7;5,8;0,73;42;0,615
367;9;0,076;0,61;1;10,4;11;3,16;5;2,6;0,69;24;0,575
368;9,4;0,159;0,52;0,9998;10,3;15;3,18;5;2,8;0,64;75;0,34
369;12;0,074;0,53;0,9962;9,4;6;3,2;7;2,4;1,13;18;0,27
370;9,9;0,063;0,02;0,9975;6,9;35;3,57;5;2,3;0,78;63;0,765
371;8,7;0,056;0,4;0,9967;7,9;11;3,32;6;1,6;0,87;25;0,24
372;10,6;0,067;0,48;0,9967;9,1;26;3,32;6;1,8;1,04;46;0,28
373;9,2;0,106;0,22;0,9959;7,4;12;3,05;5;2,2;0,63;72;0,55
374;10,8;0,089;0,63;1,0014;14;6;3,01;6;3,8;0,81;47;0,41
375;11,8;0,124;0,71;0,9984;11,5;6;3,01;7;4,4;0,83;15;0,54
376;11;0,078;0,5;1,0003;11,5;19;3,26;6;3;1,11;47;0,45
377;12;0,074;0,53;0,9962;9,4;6;3,2;7;2,4;1,13;18;0,27
378;13,3;0,088;0,66;0,9988;11,4;6;3,11;6;6,2;0,99;24;0,625
379;10,8;0,094;0,38;0,9979;8,3;24;3,31;6;2,5;0,7;60;0,42
380;9,4;0,08;0,42;0,9974;8,3;11;3,21;6;2;0,8;27;0,26
381;10;0,085;0,68;1,0014;13,7;17;3,06;6;2,9;0,8;43;0,415
382;9,4;0,08;0,42;0,9974;8,3;11;3,21;6;2;0,8;27;0,26
383;9,4;0,08;0,42;0,9974;8,3;11;3,21;6;2;0,8;27;0,26
384;9,2;0,087;0,28;0,998;7,7;23;3,42;5;2,1;0,74;54;0,51
385;9,7;0,09;0,07;0,9979;7,4;11;3,43;6;2,4;0,76;37;0,63
386;9,2;0,088;0,26;0,9981;7,8;23;3,41;6;2;0,74;48;0,54
387;9,6;0,079;0,15;0,9972;8,3;17;3,31;6;1,9;0,54;42;0,66
388;9,2;0,088;0,26;0,9981;7,8;23;3,43;6;1,9;0,74;53;0,46
389;10;0,096;0,31;0,9982;9,6;16;3,19;7;2,5;0,7;49;0,38
390;12,9;0,045;0,05;0,9924;5,6;12;3,56;8;1,4;0,82;88;0,85
391;10;0,085;0,68;1,0014;13,7;17;3,06;6;2,9;0,8;43;0,415
392;9,5;0,082;0,52;0,998;9,5;6;3,18;5;2;0,51;26;0,37
393;9,1;0,112;0,61;0,997;8,4;13;3,16;5;2;0,54;95;0,665
394;9,9;0,063;0,65;0,9997;12,7;6;3,03;5;2,3;0,57;25;0,6
395;13;0,066;0,76;1,0004;12;7;3,22;7;4,2;0,6;38;0,37
396;9,9;0,122;0,02;0,9994;6,6;68;3,47;5;7,9;0,53;124;0,735
397;11;0,087;0,59;0,9988;11,5;13;3,18;6;2,6;0,65;49;0,59
398;11;0,087;0,59;0,9988;11,5;13;3,18;6;2,6;0,65;49;0,59
399;9,4;0,064;0,22;0,9963;8,7;9;3,1;5;2,3;0,55;42;0,765
400;9,9;0,122;0,02;0,9994;6,6;68;3,47;5;7,9;0,53;124;0,735
401;10,8;0,059;0,3;0,9949;7,7;20;3,29;6;1,7;0,47;38;0,26
402;10,5;0,085;0,54;1;12,2;19;3,1;6;2,6;0,61;64;0,48
403;10,5;0,085;0,49;0,9994;11,4;10;3,15;6;2,7;0,63;41;0,6
404;9,1;0,075;0,05;0,9974;7,7;15;3,26;5;2,7;0,61;27;0,69
405;10,1;0,059;0,46;0,9966;8,7;11;3,36;6;1,4;0,76;25;0,31
406;10,8;0,063;0,47;0,9981;9,8;9;3,24;6;2,5;0,65;28;0,44
407;10,8;0,093;0,66;0,9996;12;12;3,18;7;3;0,63;30;0,39
408;11,3;0,174;0,58;0,997;10,4;6;3,19;6;3,7;0,7;16;0,34
409;9,6;0,07;0,49;0,9981;12,5;26;3,05;4;4,5;0,57;49;0,46
410;9,5;0,08;0,34;0,9987;9;26;3,38;6;2,5;0,62;86;0,43
411;9,5;0,08;0,35;0,9987;9,1;23;3,38;5;2,4;0,62;78;0,45
412;9,3;0,1;0,16;0,9966;7,1;15;3,27;5;1,9;0,64;77;0,735
413;11,7;0,097;0,53;0,9986;9,9;6;3,27;7;6,7;0,82;19;0,4
414;9,5;0,087;0,34;0,9982;8,8;24;3,26;5;2,7;0,61;122;0,52
415;9,3;0,117;0,24;1,0014;8,6;31;3,32;5;6,6;1,07;134;0,725
416;11,7;0,111;0,64;0,997;10,6;6;3,26;6;2,2;0,66;20;0,48
417;10,5;0,091;0,12;0,9956;7;34;3,44;5;1,9;0,48;124;0,58
418;10,4;0,121;0,51;0,9996;11,9;7;3,24;6;2;0,76;20;0,38
419;9,9;0,066;0;0,9976;6,8;34;3,62;5;1,8;0,68;52;0,77
420;11,8;0,089;0,33;0,9972;9,5;35;3,28;7;2,4;0,73;67;0,56
421;12,3;0,059;0,03;0,9952;6,6;32;3,52;7;2,3;0,56;48;0,84
422;10,9;0,047;0,2;0,9955;7,7;15;3,36;5;2;0,44;60;0,96
423;11;0,066;0,47;0,9978;10,5;6;3,15;7;2,1;0,9;24;0,24
424;10,9;0,047;0,2;0,9955;7,7;15;3,36;5;2;0,44;60;0,96
425;12,3;0,059;0,03;0,9952;6,6;32;3,52;7;2,3;0,56;48;0,84
426;11,4;0,045;0,08;0,9949;6,4;19;3,49;6;2,1;0,49;48;0,67
427;10,6;0,077;0,22;0,9988;9,5;6;3,26;6;1,9;0,56;32;0,78
428;9,3;0,07;0,33;0,9978;9,1;9;3,24;5;1,3;0,6;30;0,52
429;10,4;0,088;0,63;0,9997;12,8;13;3,1;6;2,4;0,6;35;0,84
430;11;0,066;0,47;0,9978;10,5;6;3,15;7;2,1;0,9;24;0,24
431;9,2;0,074;0,35;0,9974;7,8;21;3,25;5;2,2;0,56;66;0,55
432;12,8;0,078;0,69;0,9958;11,9;12;3;6;2,3;0,65;24;0,37
433;9,5;0,091;0,63;1,0004;12,3;6;3,16;5;2,3;0,49;18;0,39
434;9,9;0,076;0,55;0,9996;10,4;22;3,15;6;3,2;0,89;54;0,41
435;9,5;0,091;0,63;1,0004;12,3;6;3,16;5;2,3;0,49;18;0,39
436;10,2;0,06;0,3;0,9958;8;38;3,26;6;2;0,56;62;0,67
437;11,2;0,066;0,73;0,9986;11,1;6;3,17;6;3,2;0,66;22;0,45
438;9,9;0,076;0,55;0,9996;10,4;22;3,15;6;3,2;0,89;54;0,41
439;9,3;0,062;0,18;0,9951;7;7;3,08;5;1,5;0,6;50;0,62
440;9,8;0,072;0,72;0,9987;12,6;6;2,88;8;2,2;0,82;29;0,31
441;11,3;0,068;0,65;0,9988;11,9;7;3,06;6;2,15;0,68;27;0,4
442;11,2;0,1;0,76;1,0032;15,6;6;2,95;7;3,7;0,68;43;0,685
443;11,6;0,077;0,49;0,9963;10;11;3,23;7;2,7;0,63;19;0,44
444;12,5;0,054;0,01;0,9934;5,3;5;3,57;7;1,7;0,84;27;0,57
445;10,1;0,079;0,1;0,9986;9,5;6;3,23;6;2,1;0,56;31;0,735
446;10,5;0,081;0,6;0,9996;12,5;31;3,1;5;2,6;0,73;72;0,38
447;11,2;0,127;0,29;0,9968;9,3;6;3,22;5;2,1;0,72;16;0,48
448;10,2;0,1;0,22;0,9967;8,6;7;3,2;6;2;0,56;27;0,53
449;10,8;0,095;0,69;0,9994;11,9;17;3,1;6;2,8;0,61;35;0,39
450;10,8;0,095;0,69;0,9994;11,9;17;3,1;6;2,8;0,61;35;0,39
451;9,1;0,413;0,53;0,9979;8,4;9;3,06;6;1,8;1,06;26;0,37
452;10;0,084;0,03;0,9968;6,8;18;3,44;6;1,7;0,63;35;0,56
453;11,2;0,084;0,63;0,9998;10,4;5;3,26;7;2,8;0,74;22;0,33
454;11,1;0,063;0,4;0,9952;7;21;3,5;5;1,6;0,63;67;0,23
455;13,4;0,086;0,67;0,9988;11,3;6;3,22;8;5,2;0,69;19;0,62
456;10,3;0,095;0,39;0,9986;8,9;5;3,37;5;2,3;0,58;22;0,59
457;9,6;0,097;0,21;0,9988;9,2;29;3,28;5;2,7;0,58;65;0,63
458;11,2;0,084;0,63;0,9998;10,4;5;3,26;7;2,8;0,74;22;0,33
459;9;0,074;0,66;1,0008;11,6;10;3,25;3;2,2;0,57;47;0,58
460;11,3;0,083;0,52;0,9976;9,2;14;3,35;6;2,3;0,61;23;0,43
461;9,3;0,087;0,22;0,9982;8,3;6;3,26;5;2,6;0,61;19;0,615
462;11,8;0,085;0,68;0,997;11;10;3,18;5;2,55;0,61;25;0,26
463;9;0,098;0,7;0,9972;8,1;25;3,08;5;2,2;0,53;129;0,66
464;9,2;0,084;0,54;0,9987;11,5;5;2,98;6;2,1;0,7;15;0,315
465;9,7;0,098;0,4;1,0006;10;10;3,48;5;2,9;0,91;26;0,29
466;11,5;0,069;0,42;0,9982;10,3;21;3,16;6;2;0,72;51;0,5
467;14;0,065;0,45;0,9947;8,8;7;3,32;6;2,6;0,79;18;0,46
468;9,2;0,09;0,69;1;11,4;6;3,17;6;2,1;0,62;21;0,36
469;9,8;0,07;0,02;0,9952;8,7;36;3,2;5;1,2;0,58;48;0,82
470;10,6;0,093;0,65;0,9996;13;15;3,05;5;2,6;0,61;47;0,32
471;11,4;0,081;0,42;0,997;9,6;25;3,2;6;2,4;0,71;52;0,54
472;10,4;0,083;0,55;0,9995;12,5;25;3,15;6;2,6;0,82;68;0,37
473;10,6;0,062;0,55;0,9971;9,9;5;3,26;5;2,1;0,79;14;0,35
474;9,4;0,08;0,51;0,9982;10,5;10;3,2;6;1,7;0,89;24;0,28
475;10,2;0,087;0,24;0,9988;9,6;5;3,14;5;2,2;0,6;28;0,68
476;9,7;0,091;0,41;0,998;9,3;6;3,28;5;2;0,7;16;0,27
477;11;0,075;0,49;0,9977;10,4;6;3,18;6;1,8;1,06;20;0,24
478;10,2;0,087;0,24;0,9988;9,6;5;3,14;5;2,2;0,6;28;0,68
479;10,1;0,077;0,11;0,9984;9,4;6;3,19;6;2,7;0,7;31;0,685
480;9,2;0,069;0,39;1,0026;10,6;6;3,12;5;15,5;0,66;23;0,28
481;11,7;0,08;0,56;0,9964;9,4;6;3,15;8;2,8;0,92;17;0,3
482;9,4;0,152;0,59;0,9986;10,6;6;3,04;5;2,2;1,05;18;0,36
483;9,4;0,152;0,6;0,9986;10,6;7;3,04;5;2,2;1,06;18;0,36
484;13,4;0,114;0,68;0,997;10,6;6;3,06;6;4,1;0,66;24;0,44
485;10;0,054;0,39;0,9976;10,2;6;3,17;5;1,9;0,47;17;0,67
486;10;0,054;0,39;0,9976;10,2;6;3,17;5;1,9;0,47;17;0,67
487;10;0,053;0,36;0,9982;10,2;5;3,17;6;1,8;0,42;14;0,645
488;10,8;0,081;0,55;1,0002;11,6;35;3,32;7;2,8;0,92;67;0,32
489;10,2;0,073;0,4;0,9984;9,3;10;3,34;6;2,6;0,75;26;0,39
490;10,6;0,078;0,27;0,9984;9,3;24;3,31;6;2,8;0,67;56;0,775
491;13,3;0,055;0,5;0,9952;9,2;12;3,34;7;2,5;0,79;25;0,41
492;13,4;0,052;0,51;0,995;8,9;13;3,32;7;2,6;0,9;27;0,4
493;11,6;0,086;0,31;1,0002;8,7;23;3,48;6;3;0,74;81;0,69
494;12,1;0,051;0,23;0,9952;6,5;28;3,44;6;8,3;0,55;91;0,39
495;11;0,07;0,53;0,9972;10,7;5;3,15;8;2,6;0,65;16;0,35
496;9;0,081;0,25;0,9984;7,8;14;3,43;6;1,9;0,65;38;0,52
497;11,1;0,09;0,32;0,9966;7,2;43;3,32;5;2,5;0,79;113;0,34
498;11;0,07;0,53;0,9972;10,7;5;3,15;8;2,6;0,65;16;0,35
499;11,6;0,086;0,31;1,0002;8,7;23;3,48;6;3;0,74;81;0,69
500;9;0,081;0,25;0,9984;7,8;14;3,43;6;1,9;0,65;38;0,52
501;12;0,074;0,73;0,999;10,4;38;3,17;7;6,55;0,85;76;0,44
502;12;0,074;0,73;0,999;10,4;38;3,17;7;6,55;0,85;76;0,44
503;10,9;0,078;0,47;0,9976;10,5;6;3,18;7;1,9;1,04;24;0,26
504;10,8;0,077;0,42;0,9976;10,5;6;3,21;7;1,8;1,05;22;0,24
505;12,5;0,072;0,63;0,9968;10,2;10;3,16;7;2,9;0,78;26;0,49
506;10,8;0,075;0,46;0,9976;10,4;6;3,25;7;1,8;1,02;21;0,24
507;9,5;0,084;0,55;1;11,2;6;3,17;6;2,3;0,71;13;0,67
508;10,2;0,09;0,31;0,9994;10;26;3,18;6;2,2;0,63;62;0,59
509;11,4;0,084;0,75;0,9986;13,3;23;3,04;7;2,8;0,68;43;0,29
510;9,5;0,073;0,49;0,9978;12,4;19;3,02;5;4,6;0,61;43;0,42
511;10,2;0,09;0,31;0,9994;10;26;3,18;6;2,2;0,63;62;0,59
512;9,7;0,125;0,48;0,998;10,7;15;3,03;6;2,1;0,81;49;0,4
513;11,8;0,107;0,64;0,9973;10,5;6;3,09;7;2,4;0,66;15;0,51
514;11,8;0,107;0,64;0,9973;10,5;6;3,09;7;2,4;0,66;15;0,51
515;9,3;0,122;0,49;1,001;8,5;34;3,31;5;6,1;1,14;151;0,655
516;11,9;0,1;0,49;1,001;12,5;5;3,25;6;4,3;0,74;14;0,6
517;8,4;0,2;0,49;0,9994;10,4;5;3,16;3;2,1;0,63;16;0,61
518;11,7;0,088;0,49;0,9972;10,9;11;3,22;6;2,8;0,68;32;0,21
519;11;0,088;0,49;0,9966;7,3;39;3,36;5;2,5;0,78;106;0,365
520;10;0,088;0,49;0,9982;9,8;15;3,42;6;2,7;0,9;33;0,25
521;9,1;0,088;0,49;0,998;7,6;16;3,48;5;2;0,64;43;0,41
522;9,8;0,099;0,49;0,9979;8,2;47;3,38;5;2,3;0,99;133;0,39
523;9,4;0,085;0,49;0,9978;9,3;38;3,22;5;2,5;0,55;142;0,4
524;9,5;0,086;0,49;0,9976;9,2;23;3,23;5;2,4;0,64;116;0,43
525;9,9;0,105;0,24;0,9998;10,4;29;3,24;5;2,8;0,67;53;0,64
526;11;0,088;0,49;0,9966;7,3;39;3,36;5;2,5;0,78;106;0,365
527;11,4;0,097;0,49;0,9962;7;33;3,39;6;2,5;0,77;85;0,38
528;8,7;0,084;0,49;0,9988;8,2;32;3,34;6;2,6;0,75;55;0,42
529;9,4;0,077;0,24;0,9974;9,9;6;3,09;5;2,4;0,57;33;0,63
530;10,3;0,078;0,24;0,999;9,1;1;3,41;6;2,1;0,87;28;0,22
531;10,3;0,098;0,49;1,0004;11,9;12;3,16;5;2,7;0,61;42;0,38
532;10,3;0,098;0,49;1,0004;11,9;12;3,16;5;2,7;0,61;42;0,38
533;12,8;0,072;0,24;0,9956;10,3;15;3,22;6;2,1;0,66;33;0,27
534;10;0,102;0,24;1;10;13;3,28;6;2,7;0,56;32;0,48
535;10,3;0,078;0,24;0,999;9,1;1;3,41;6;2,1;0,87;28;0,22
536;9,4;0,077;0,24;0,9974;9,9;6;3,09;5;2,4;0,57;33;0,63
537;10,7;0,084;0,24;0,9972;8,1;5;3,37;6;2,1;0,77;13;0,825
538;12;0,066;0,49;1,0014;12,9;5;3,2;7;5,8;0,66;35;0,35
539;11,2;0,1;0,74;0,9996;11,2;5;3,22;5;5,15;0,62;17;0,5
540;9,6;0,101;0,24;0,9988;9,2;20;3,26;5;3,3;0,67;47;0,59
541;11;0,064;0,49;0,9988;9,5;5;3,21;6;6,3;0,73;17;0,46
542;9,9;0,07;0,24;0,9966;9,3;5;3,12;5;2,1;0,59;20;0,715
543;11;0,085;0,24;0,9993;11,2;16;3,06;6;2,5;0,72;53;0,66
544;8,4;0,075;0,74;1,0008;14,3;6;2,86;6;1,8;0,79;15;0,31
545;9,1;0,094;0,49;0,9982;9,1;38;3,08;5;2,6;0,59;106;0,47
546;9,5;0,078;0,24;0,9983;7,5;10;3,45;6;2;0,78;28;0,55
547;10,7;0,067;0,49;0,9987;10,6;6;3,26;6;2,5;0,86;21;0,31
548;10,4;0,079;0,49;0,9994;12,4;27;3,12;6;2,6;0,75;69;0,35
549;9,4;0,171;0,49;0,9975;9;6;3,27;6;1,9;0,61;25;0,53
550;9,5;0,074;0,01;0,9958;6,8;9;3,33;6;2,1;0,56;25;0,51
551;10;0,092;0,24;0,998;9,4;14;3,19;6;2,8;0,73;45;0,43
552;10;0,092;0,24;0,998;9,5;14;3,12;6;2,7;0,74;44;0,46
553;11,5;0,05;0,24;0,9934;5;32;3,74;5;1,6;0,62;96;1,04
554;11,1;0,095;0,49;1,00315;15,5;10;2,92;5;4,2;0,74;23;0,645
555;11,1;0,095;0,49;1,00315;15,5;10;2,92;5;4,2;0,74;23;0,645
556;11,7;0,118;0,49;1,0002;10,9;10;3,07;6;4,6;0,56;17;0,53
557;11,1;0,095;0,49;1,00315;15,6;10;2,92;5;4,2;0,74;23;0,645
558;11,7;0,118;0,49;1,0002;10,9;10;3,07;6;4,6;0,56;17;0,53
559;12,7;0,085;0,49;1,0021;13;6;3,3;6;4,3;0,68;47;0,47
560;11,4;0,075;0,49;0,9994;12,7;5;3,14;5;2,8;0,57;19;0,6
561;9,2;0,078;0,49;0,9978;9;26;3,23;5;2,4;0,58;121;0,44
562;9,2;0,094;0,49;0,9982;9;41;3,08;5;2,9;0,61;110;0,54
563;10,1;0,092;0,49;0,9971;7,6;25;3,31;6;2,7;0,61;60;0,29
564;12,7;0,085;0,49;1,0021;13;6;3,3;6;4,3;0,68;47;0,47
565;11,4;0,075;0,49;0,9994;12,7;5;3,14;5;2,8;0,57;19;0,6
566;9;0,226;0,24;0,9991;8,7;5;3,32;6;2,5;0,6;15;0,7
567;9;0,226;0,24;0,9991;8,7;5;3,32;6;2,5;0,6;15;0,7
568;10,7;0,25;0,49;0,999;9,8;5;3,31;6;2,6;0,79;20;0,5
569;11,7;0,095;0,24;0,9946;6,2;19;3,57;6;2,2;0,57;42;0,36
570;11;0,07;0,49;1,0003;11,5;10;3,32;6;3,3;0,91;37;0,35
571;11,7;0,095;0,24;0,9946;6,2;19;3,57;6;2,2;0,57;42;0,36
572;10,4;0,075;0,49;0,9978;10,2;10;3,14;5;2,4;0,61;28;0,24
573;9,6;0,07;0,49;0,9991;10,5;14;3,3;4;2,1;0,56;47;0,59
574;10;0,078;0,49;0,9992;10,6;20;3,19;6;3,2;0,7;78;0,34
575;10,2;0,079;0,49;0,9993;12,3;28;3,2;6;3,1;0,8;46;0,27
576;10;0,103;0,24;0,9978;9,9;6;3,34;4;2,3;0,52;14;0,5
577;9,5;0,083;0,49;0,9982;8,8;18;3,3;5;2,8;0,6;111;0,44
578;9,8;0,085;0,49;0,9982;8,8;17;3,29;5;2,9;0,6;110;0,47
579;9,8;0,063;0,49;0,9976;10,6;18;3,14;6;2,2;0,51;40;0,31
580;9,6;0,089;0,49;1,0002;12,3;5;3,19;5;2,2;0,44;14;0,5
581;9,6;0,089;0,49;1,0002;12,3;5;3,19;5;2,2;0,44;14;0,5
582;9,2;0,083;0,49;1;11,7;5;3,19;5;2,2;0,43;15;0,49
583;9,9;0,074;0,49;0,9976;12;10;2,98;7;1,9;0,66;21;0,28
584;10,7;0,093;0,49;1,0002;11,8;54;3,3;7;3,4;0,76;80;0,33
585;9,6;0,091;0,24;0,998;7,6;8;3,47;6;2,4;0,66;38;0,51
586;10,6;0,094;0,49;0,9986;11,1;16;3,12;7;2,7;1,02;47;0,31
587;9,3;0,108;0,24;0,9967;7,3;18;3,26;5;1,9;0,59;102;0,73
588;14;0,06;0,24;0,9917;5;19;3,72;8;2;0,74;50;0,42
589;10,5;0,059;0,49;0,9976;10,2;5;3,05;7;2,6;0,74;13;0,29
590;9,7;0,084;0,49;0,9987;9;21;3,35;5;2,6;0,57;75;0,45
591;11,5;0,07;0,49;0,9922;6,6;23;3,12;6;1,7;0,5;149;0,39
592;9,7;0,084;0,49;0,9987;9;21;3,35;5;2,6;0,57;75;0,45
593;9;0,094;0,58;1,0004;9,9;9;3,29;5;3,5;0,58;43;0,49
594;9,5;0,096;0,17;0,9978;7,9;20;3,4;5;2,6;0,53;38;0,72
595;9,3;0,086;0,41;0,9998;8,9;30;3,27;5;7,9;0,57;109;0,595
596;9,3;0,059;0,51;0,9994;12,4;6;3,04;6;2;0,6;24;0,4
597;10;0,071;0,58;0,998;11,9;5;3,09;6;1,9;0,63;18;0,58
598;9,8;0,078;0,18;0,9967;8,5;5;3,2;6;2,1;0,48;30;0,585
599;9,3;0,082;0,45;1;12,7;11;3;6;2,3;0,7;22;0,59
600;15;0,088;0,27;0,9962;8,2;7;3,26;4;2,1;0,07;25,3;0,915
601;12;0,071;0,52;1,0006;13,2;12;3,1;6;2,2;0,46;-66,5;0,46
602;17,3;0,081;0;0,9975;7,7;6;3,3;5;2,6;0;-26,6;0,835
603;16;0,071;0,52;1,0006;13,2;12;3,1;6;2,2;0,16;3,5;0,46
604;13,1;0,096;0,13;0,9984;8,3;14;3,17;6;2,9;0,32;-56,7;0,58
605;12,2;0,085;0,13;0,9984;8,3;6;3,31;6;2,6;0,19;-45,6;0,6
606;15,2;0,072;0,48;0,9973;9,4;10;3,34;7;4,6;0,39;-18;0,41
607;14,5;0,092;0,41;0,9982;8,8;26;3,31;6;3,3;0;-98,8;0,48
608;19,4;0,11;0,37;1,0026;10,1;11;3,32;6;5,1;0,24;-123,5;0,65
609;15,7;0,075;0,19;0,9956;6,3;15;3,56;6;3,2;0;3,9;0,36
610;10,2;0,083;0,54;0,9983;8,8;25;3,39;5;2,5;0,24;-108,3;0,24
611;13,4;0,081;0,55;1,0006;13,2;5;2,98;5;2,7;0;1,6;0,38
612;14;0,077;0;0,9965;7,5;18;3,32;6;2,4;0,3;-26,1;0,64
613;14,8;0,058;0,38;0,9962;8,2;10;3,26;5;1,5;0,54;31,9;0,39
614;17,2;0,148;0,18;0,9969;9,2;10;2,87;6;2,2;0,76;-92,7;0,755
615;18,7;0,079;0,5;0,9997;9,6;28;3,5;5;2,3;0,27;7,1;0,6
616;17,7;0,079;0,5;0,9997;9,6;28;3,5;5;2,3;0,07;78,1;0,6
617;11,8;0,079;0,51;0,9982;11,5;14;3,03;6;2,2;0,33;-25,2;0,31
618;11,2;0,122;0,5;1,0006;11,4;4;3,13;5;2,7;0,1;18,7;0,46
619;12,3;0,088;0,41;0,9988;11,3;6;3,09;5;2,3;0,1;-30,4;0,37
620;18,4;0,076;0,24;0,9976;8,3;16;3,27;5;3,4;0;-212,8;0,54
621;12,4;0,078;0,23;0,9976;8,2;14;3,28;5;3,4;0;-197,6;0,56
622;11,5;0,08;0,22;0,9974;10;9;3,13;5;1,9;0,35;-28,8;0,58
623;18,1;0,077;0,25;0,9974;7,9;21;3,49;6;2,9;0,76;-85,5;0,51
624;19,2;0,124;0;0,9997;6,8;21;3,46;5;5,6;0;-110,2;0,69
625;14,2;0,124;0;0,9997;6,8;21;3,46;5;5,6;0,62;-52,2;0,69
626;17,1;0,098;0,29;0,9988;8,8;5;3,36;5;2,2;0;1,5;0,6
627;13,1;0,098;0,29;0,9988;8,8;5;3,36;5;2,2;0;16,5;0,6
628;10,3;0,097;0,26;0,9976;8,7;7;3,27;6;2,5;0,4;-27,9;0,54
629;18,3;0,111;0,23;0,9964;7,6;20;3,21;5;2,3;0;8,4;0,685
630;18,3;0,097;0,26;0,9976;8,7;7;3,27;6;2,5;0,5;-58,9;0,54
631;10,5;0,105;0,54;0,9988;10,4;5;3,25;5;2,7;0;1,9;0,28
632;13,5;0,087;0,14;0,9964;7,6;21;3,32;6;3;0;4,3;0,41
633;17,3;0,105;0,22;1,001;10,1;11;3,43;4;3,4;0;8,6;0,935
634;18,5;0,073;0,21;0,9964;7,9;46;3,27;5;1,9;0,38;-193,8;0,35
635;18,7;0,065;0;0,9954;8,7;24;3,27;5;1,4;0;-29,7;0,84
636;12,4;0,086;0,28;0,9979;9,6;30;3,24;5;2,4;0;-132,3;0,88
637;17,4;0,084;0,27;0,9978;9,5;31;3,24;5;2,3;0;14,5;0,885
638;13,2;0,143;0,12;0,9964;7,7;7;3,35;7;2,2;0,35;25,3;0,915
639;12,3;0,067;0,35;0,997;8,9;25;3,18;6;1,9;0,96;62,7;0,29
640;13,4;0,071;0,45;0,9991;9,9;16;3,39;5;2,3;0,12;-36;0,54
641;13,5;0,071;0,44;0,9992;9,5;21;3,46;5;2,3;0;-129,2;0,59
642;15,4;0,071;0,45;0,9991;9,9;16;3,39;5;2,3;0;-36;0,54
643;10,5;0,071;0,44;0,9992;9,5;21;3,46;5;2,3;0;74,8;0,59
644;16,4;0,071;0,45;0,9991;9,9;16;3,39;5;2,3;0;4;0,54
645;15,1;0,115;0,1;0,9984;7,8;5;3,37;7;6;0;12,1;0,64
646;15,1;0,107;0,05;0,9972;7,3;6;3,4;5;3,6;0,53;-38;0,67
647;20;0,07;0,01;0,9967;8,3;5;3,32;4;2,2;0,28;-26,6;0,845
648;14,2;0,066;0,3;0,9964;8,7;10;3,33;7;2,8;0,47;30,8;0,48
649;13,3;0,068;0,27;0,9948;6,7;24;3,16;6;8,6;0,37;14,8;0,42
650;10,6;0,106;0,39;0,9986;10,7;8;2,89;5;2,2;0;-28,8;0,43
651;15,2;0,104;0,25;1,001;9,8;35;3,41;5;2,5;0;15,5;0,88
652;17,9;0,096;0,65;0,9976;15,9;22;2,98;5;7,5;0;7,1;0,36
653;16;0,079;0,59;0,9976;9,4;9;3,12;6;2,8;0;3;0,33
654;16,5;0,074;0,47;0,9979;8,6;7;3,08;5;2,4;0,16;31,9;0,47
655;18,4;0,087;0,17;1,0004;9,7;20;3,14;5;2,9;0,31;5,3;0,55
656;17,6;0,106;0,39;0,9986;10,7;8;2,89;5;2,2;0;-28,8;0,43
657;12,5;0,073;0,59;0,998;12;23;2,92;7;1,4;0;-37,8;0,5
658;15,6;0,074;0,07;0,9973;7,2;5;3,32;6;1,4;0,21;-38;0,52
659;12;0,096;0,02;0,997;7,1;5;3,41;4;4,4;0,17;14,3;0,84
660;12,6;0,074;0,07;0,9973;7,2;5;3,32;6;1,4;0,01;-38;0,52
661;13;0,08;0,31;0,9978;7,5;15;3,31;5;1,6;0,04;46,2;0,42
662;11,6;0,076;0,06;0,9972;7,2;9;3,36;6;1,6;0,6;2,7;0,57
663;12,2;0,05;0,46;0,9974;10,1;5;3,04;6;1,8;0,69;-24,7;0,28
664;14,2;0,092;0,52;1;12,1;15;3,03;5;2;0,46;-102,6;0,4
665;13,7;0,084;0,14;0,9981;9,4;25;3,14;5;2;0,16;4,8;0,59
666;10,5;0,222;0,36;0,998;8,3;6;3,18;6;1,8;0;-14,4;0,49
667;16,2;0,082;0,45;0,9988;11,3;6;2,94;6;2;0;16,5;0,34
668;16;0,059;0,43;0,9966;10;15;3,15;5;2,3;0,17;-58,9;0,73
669;18,2;0,082;0,45;0,9988;11,3;6;2,94;6;2;0;-28,5;0,34
670;13;0,083;0,24;0,9959;6,9;30;3,26;5;2,5;0;49,5;0,4
671;16,5;0,074;0,21;0,9968;8,2;5;3,2;5;1,7;0;-11,7;0,73
672;15,5;0,079;0,34;0,998;9,8;32;3,15;5;2;0;166,1;1,24
673;18,5;0,074;0,21;0,9968;8,2;5;3,2;5;1,7;0;-11,7;0,73
674;14,3;0,084;0,41;0,9984;10,8;7;3,08;6;2,2;0,57;-15,3;0,4
675;12,2;0,064;0,39;0,9984;9,3;12;3,26;5;2,2;0,45;34,1;0,41
676;10,3;0,084;0,41;0,9984;10,8;7;3,08;6;2,2;0,17;18,7;0,4
677;10,9;0,084;0,11;0,9979;8,6;12;3,4;5;2,3;0,28;-27,9;0,8
678;12;0,081;0,1;0,9983;8,3;45;3,48;5;2,6;0;-165,3;0,78
679;16,6;0,06;0,45;0,9972;10,8;20;3,13;5;3,3;0,14;4,9;0,26
680;12;0,07;0,58;1,0004;13,3;15;3,06;5;1,9;0;-76;0,43
681;14,2;0,094;0,23;0,9962;8;16;3,21;6;2,2;0,19;2,9;0,45
682;13,8;0,078;0,31;0,998;8,5;32;3,33;5;2,25;0,04;-110,2;0,46
683;18,3;0,059;0,23;0,997;8,1;5;3,37;5;2,6;0,26;1,5;0,78
684;15,4;0,078;0,32;0,998;9,8;35;3,25;5;2,3;0;-288,8;0,98
685;18,3;0,059;0,23;0,997;8,1;5;3,37;5;2,6;0;-13,5;0,78
686;13,1;0,07;0,18;0,997;7,1;13;3,44;5;1,8;0,1;44;0,65
687;10,7;0,095;0,23;0,9998;9,1;13;3,28;5;3,1;0;41,8;0,64
688;18,4;0,039;0,04;0,9962;7,7;4;3,4;5;1,6;0,07;-17,1;0,66
689;13,4;0,157;0,48;0,9976;8,1;5;3,3;5;1,8;0,75;1,7;0,38
690;19,7;0,097;0;0,9966;7,4;5;3,63;3;4,25;0,24;15,4;1,185
691;13,8;0,087;0,24;0,9998;9,2;12;3,48;5;2,6;0,44;-83,7;0,92
692;15;0,422;0,51;0,9979;8,6;16;3,03;5;2;0,87;-117,8;0,49
693;16,4;0,084;0,32;0,9984;9;21;3,32;5;2,8;0,32;134,2;0,48
694;11,4;0,084;0,31;0,9984;9;24;3,31;5;2,7;0,31;137,5;0,47
695;18,8;0,034;0,02;0,9921;5,1;18;3,9;6;1,3;0,02;-83,6;0,47
696;10,5;0,066;0,02;0,9972;7;8;3,47;6;2,1;0,47;27,5;0,65
697;16,5;0,066;0,02;0,9972;7;8;3,47;6;2,1;0;-22,5;0,65
698;11,7;0,087;0,28;1,0001;9,4;18;3,31;5;3,2;0;7,2;0,615
699;14,8;0,071;0,55;0,9986;11,8;5;3,11;6;2,1;0,52;1,9;0,38
700;19,1;0,076;0,43;0,9984;10,6;26;3,08;6;2,9;0,47;8,8;1,02
701;17,5;0,066;0,02;0,9972;7;8;3,47;6;2,1;0,57;2,5;0,65
702;18,4;0,067;0,02;0,997;7;9;3,47;6;2,1;0;25,3;0,64
703;16,6;0,073;0,48;0,9972;7,5;22;3,32;4;2,6;0,2;-159,6;0,38
704;15,7;0,078;0,04;0,998;9,1;4;3,29;4;1,6;0;1,4;0,765
705;13,9;0,073;0,15;0,999;8,4;11;3,37;5;6;0,29;59,4;1,035
706;12;0,093;0,08;0,9956;7;10;3,4;5;2;0,07;20,9;0,78
707;16,5;0,077;0,19;0,9966;7,4;16;3,37;5;3;0,41;-70,3;0,49
708;12,6;0,068;0,12;0,996;7,8;11;3,34;6;2,5;0,41;3,5;0,545
709;16;0,062;0,47;0,9983;9,7;13;3,27;6;1,6;0;3,3;0,31
710;11,1;0,08;0,43;0,9985;10,6;21;3,06;5;2,8;0,07;-75,6;1,025
711;10,5;0,093;0,34;0,9998;8,9;16;3,38;5;3;0;-212,8;0,565
712;18,4;0,084;0;0,9992;8,7;13;3,36;5;3,2;0,25;36,3;0,69
713;13,4;0,075;0,36;0,9976;8;10;3,34;5;2,3;0,16;52,8;0,43
714;14,8;0,078;0,28;0,998;9,9;21;3,28;5;2,6;0,11;7,7;0,74
715;16,2;0,069;0,18;0,9967;7,2;13;3,29;6;2,7;0,28;-30,6;0,49
716;15,4;0,075;0,36;0,9976;8;10;3,34;5;2,3;0;-91,2;0,43
717;14;0,079;0,11;0,9968;7,6;12;3,21;5;2,6;0,37;53,9;0,46
718;10,6;0,082;0,04;0,9976;8,4;10;3,22;5;2;0;-19,8;0,56
719;13,5;0,086;0;0,9976;7,1;17;3,46;5;3,9;0,14;-85,5;0,66
720;18,6;0,082;0,04;0,9976;8,4;10;3,22;5;2;0;24,2;0,56
721;14,2;0,094;0,24;0,9982;8,9;35;3,1;5;2,85;0;10,6;0,48
722;18;0,084;0,08;0,9968;7,6;15;3,21;5;2,7;0;4,8;0,42
723;13,5;0,053;0,3;0,9965;7,1;36;2,94;5;2,2;0,72;-114,3;0,31
724;15,2;0,086;0,1;0,9958;7,5;5;3,54;4;3,1;0;-22,8;1,115
725;11,4;0,077;0,17;0,9976;9;5;3,29;5;3;0,15;14,3;0,66
726;13,1;0,084;0,09;0,9994;8,1;18;3,43;6;2,8;0,12;-44,1;0,72
727;18,5;0,067;0,02;0,997;6,4;4;3,46;5;1,8;0,18;-9,9;0,57
728;10,5;0,067;0,02;0,997;6,4;4;3,46;5;1,8;0,48;-20,9;0,57
729;19,7;0,071;0,03;0,995;6,4;27;3,61;6;3,2;0;63,8;0,865
730;17,6;0,387;0,66;0,9982;9,5;12;3,17;5;2,3;0,57;-70,3;0,55
731;17,5;0,088;0,13;0,9994;8,9;4;3,44;5;3,45;0,32;-26,6;0,875
732;13,6;0,092;0,03;0,9966;7,3;10;3,39;5;2,1;0;-36,1;0,835
733;14,5;0,082;0,34;0,998;7;16;3,55;5;2,7;0,3;-64,8;0,45
734;18,3;0,075;0,2;0,9987;7,7;9;3,48;5;2;0;-74,1;0,56
735;11,5;0,112;0,1;0,9963;7,7;11;3,26;5;2,1;0,4;-19,8;0,965
736;10,5;0,112;0,1;0,9963;7,7;11;3,26;5;2,1;0;-19,8;0,965
737;14,3;0,093;0;1,0002;8,2;19;3,5;6;2,5;0;5,8;0,59
738;16,2;0,092;0,23;0,9983;9;28;3,1;5;2,8;0;114,4;0,46
739;12,3;0,088;0;0,999;9;19;3,35;5;2,4;0;-72,2;0,69
740;18,5;0,075;0,29;0,9965;8,3;12;3,45;6;4,2;0,18;1,6;0,76
741;14,5;0,078;0,24;0,99788;9,2;28;3,21;5;2,6;0,47;-264,1;0,53
742;11,2;0,065;0;0,9972;6,5;9;3,46;5;1,9;0;1,8;0,615
743;13;0,096;0,58;1,00024;11,6;25;3,13;5;2,8;0,43;-90,9;0,41
744;11,5;0,095;0,54;1,0001;11,1;21;3,13;5;2,7;0;-191,9;0,39
745;12,5;0,07;0,18;0,99768;7,3;12;3,52;6;2,1;0,33;-53,2;0,51
746;12;0,08;0,38;0,9978;8,2;12;3,3;6;2,5;0;62,7;0,34
747;11,4;0,083;0,4;0,99782;8,6;16;3,3;5;2,6;0,28;-61,2;0,33
748;10,6;0,071;0,18;0,99761;7,2;12;3,52;6;2,1;0,32;-27,9;0,5
749;18,5;0,07;0,18;0,99768;7,3;12;3,52;6;2,1;0;30,8;0,51
750;11,5;0,089;0,1;0,99803;8,3;17;3,29;5;2,9;0;4;0,65
751;17,5;0,089;0,1;0,99803;8,3;17;3,29;5;2,9;0,45;-36;0,65
752;13,4;0,097;0,13;0,99785;7,6;24;3,39;5;2,5;0;-125,4;0,54
753;17,5;0,089;0,1;0,99803;8,3;17;3,29;5;2,9;0,35;44;0,65
754;12,1;0,415;0,68;0,99656;7,8;14;3,09;6;1,7;0,26;-60,8;0,48
755;13,7;0,058;0,07;0,99525;7,8;22;3,51;6;1,9;0,13;4,7;0,91
756;19,2;0,057;0,01;0,99488;6,3;15;3,6;6;2;0,16;-62,7;0,98
757;18,8;0,084;0;0,99656;8,1;10;3,25;5;2,2;0;-27,9;0,87
758;12,8;0,084;0;0,99656;8,1;10;3,25;5;2,2;0;-58,9;0,87
759;11,2;0,092;0,21;0,99823;8,8;33;3,19;5;2,5;0;-79,2;0,42
760;10,7;0,075;0,25;0,99779;9;9;3,23;5;2,8;0;10,4;0,58
761;11,6;0,096;0,26;0,99738;9,3;5;3,25;5;2;0;3,5;0,655
762;12;0,069;0;0,99701;8,8;8;3,31;6;1,7;0,23;1,9;0,7
763;14,6;0,096;0,26;0,99738;9,3;5;3,25;5;2;0;-31,5;0,655
764;11,5;0,093;0,11;0,99888;9,1;11;3,31;6;2,8;0,05;-83,6;0,68
765;12,5;0,091;0,1;0,99888;9,2;12;3,31;6;3;0,24;-43,2;0,67
766;13,4;0,089;0,18;0,99738;8,8;12;3,14;5;2,9;0,34;-140,6;0,59
767;18,5;0,103;0,32;0,99938;7,5;13;3,45;5;2,7;0;107,8;0,6
768;13,7;0,082;0,02;0,99744;7,1;24;3,55;6;2,3;0;103,4;0,59
769;18,6;0,076;0,01;0,99668;7,9;7;3,39;5;1,9;0;-60,8;0,72
770;13,7;0,082;0,02;0,99744;7,1;24;3,55;6;2,3;0;9,4;0,59
771;11,4;0,082;0,26;0,9978;9,4;23;3,28;5;2,4;0,35;-128,7;0,685
772;13,4;0,082;0,27;0,99782;9,5;23;3,27;5;2,3;0,15;-273,6;0,57
773;11,5;0,157;0,29;0,9973;7,9;1;3,3;6;1,8;0,22;-83,6;0,4
774;11,5;0,157;0,3;0,99727;7,9;2;3,31;6;1,8;0,81;-85,5;0,4
775;17;0,102;0;0,99586;7,2;7;3,43;5;3;0;17,6;1
776;11,3;0,243;0,18;0,99612;6,9;5,5;3,4;6;2,4;0,5;-43,2;0,765
777;11,3;0,241;0,17;0,9961;6,9;6;3,4;6;2,4;0;-16,2;0,635
778;12,5;0,079;0,3;0,99788;8,3;7;3,36;5;3,4;0;-30,6;0,43
779;18,8;0,076;0,03;0,99745;7,1;21;3,5;5;2,6;0,4;9,2;0,52
780;16,4;0,19;0;0,99676;7;12;3,31;6;2;0,3;49,5;0,57
781;18,8;0,114;0,14;0,99732;6,5;9;3,66;5;2,4;0,05;40,7;0,46
782;16;0,081;0,05;0,99814;9;26;3,36;5;2,4;0;105,6;0,82
783;18,8;0,114;0,14;0,99732;6,5;9;3,66;5;2,4;0,05;3,7;0,46
784;17,8;0,077;0,01;0,99746;7,1;20;3,55;5;2,5;0,09;-76,5;0,59
785;17,5;0,083;0,41;0,9982;9,9;11;3,21;5;2,3;0;6,1;0,35
786;12,5;0,083;0,41;0,9982;9,9;11;3,21;5;2,3;0;-54,9;0,35
787;13,1;0,079;0,24;0,9991;10;19;3,18;6;2,2;0,46;5,8;0,56
788;15,1;0,079;0,24;0,9991;10;19;3,18;6;2,2;0;63,8;0,56
789;18,3;0,099;0,17;0,998;8,6;21;3,09;5;2,9;0;11,9;0,63
790;15,7;0,082;0,43;0,99708;7,4;18;3,33;6;2,6;0;90,2;0,37
791;13,6;0,084;0,17;0,99818;8,8;25;3,23;5;2,9;0;-117;0,64
792;10,7;0,081;0,02;0,99745;7,1;17;3,48;6;2,5;0,4;-78,3;0,61
793;16,8;0,055;0;0,99639;7,7;7;3,38;5;2,6;0;-11,7;0,6
794;16,5;0,065;0,54;0,99531;10,1;7;3,17;6;2,3;0,13;-23,4;0,27
795;15,2;0,132;0,3;0,99786;10,8;7;2,99;5;2,6;0,38;6;0,89
796;18,6;0,126;0,31;0,99746;8,7;24;3,1;5;2,5;0,34;-121,6;0,46
797;18,8;0,038;0,44;0,99526;9,3;21;3,24;7;1,6;0,21;46,2;0,37
798;15,7;0,082;0,34;0,9987;9,4;5;3,29;6;3,6;0,02;15,4;0,5
799;19,7;0,082;0,34;0,9987;9,4;5;3,29;6;3,6;0,32;1,4;0,5
800;10,4;0,082;0,08;0,99641;7,2;26;3,25;5;4;0,11;10,8;0,61
801;17;0,068;0,09;0,99735;8,6;8;3,23;5;3,3;0,24;1,7;0,55
802;20,9;0,044;0;0,99264;5,1;14;3,56;7;1,7;0,14;94,6;0,585
803;12,6;0,114;0,08;0,9971;7,7;14;3,24;6;2,5;0,26;4,6;0,56
804;18,9;0,084;0,22;0,99682;8,4;4;3,26;6;2,7;0;-34,2;0,52
805;18,8;0,052;0,4;0,99356;8,2;4;3,33;7;2,4;0,5;11;0,28
806;21,5;0,041;0,39;0,99386;8,4;4;3,27;7;2;0,61;-9;0,25
807;13,8;0,052;0,4;0,99356;8,2;4;3,33;7;2,4;0;-9;0,28
808;14,2;0,165;0,12;0,99702;7,4;4;3,26;5;1,9;0,36;-22,8;0,53
809;19,3;0,07;0,31;0,99693;7,6;4;3,22;6;2,8;0,35;-13,5;0,48
810;18,5;0,068;0,1;0,99562;7,3;4;3,3;5;2,6;0;-12,6;0,49
811;17,9;0,072;0,55;1,00012;12,9;7;3,09;6;2,8;0,38;-45,6;0,5
812;19,8;0,099;0,33;0,99818;10,8;20;3,24;5;2,5;0,11;-72,2;0,45
813;16,4;0,102;0,24;0,99462;6,9;4;3,44;4;2,1;0;7,7;0,39
814;12,3;0,103;0,54;0,99939;12,6;19;3,21;6;2,8;0,36;4,1;0,41
815;14,8;0,099;0,33;0,99818;10,8;20;3,24;5;2,5;0,61;3,8;0,45
816;14,5;0,081;0,19;0,9984;9,8;8;3,23;6;3,2;0;-27;0,51
817;15,9;0,084;0,42;0,99545;10,8;19;3,28;6;1,6;0,33;-24,3;0,29
818;10,4;0,071;0;0,99632;7,1;21;3,29;5;2,35;0,15;-89,3;0,715
819;13,6;0,097;0,15;0,99976;9,1;9;3,28;5;3,2;0,14;64,9;0,66
820;18,7;0,099;0;0,99606;7;9;3,34;5;1,9;0;-19,8;0,685
821;21;0,048;0;0,99154;4,9;16;3,71;7;2,1;0,04;-37,8;0,42
822;18,8;0,076;0,13;0,9973;6,7;15;3,61;5;2;0,44;39,6;0,54
823;11,8;0,076;0,13;0,9973;6,7;15;3,61;5;2;0,44;-68,4;0,54
824;17,3;0,068;0,28;0,99682;7,1;6;3,24;5;2,8;0,23;-30,4;0,48
825;15,7;0,076;0,14;0,99624;7,1;15;3,36;5;2,8;0,19;3,7;0,46
826;19;0,05;0,34;0,9951;7,5;4;3,4;7;2,3;0;8,8;0,27
827;14,7;0,076;0,14;0,99624;7,1;15;3,36;5;2,8;0,39;-70,3;0,46
828;15,7;0,065;0,09;0,99417;7,8;34;3,46;8;2,3;0,64;-85,5;0,57
829;13,1;0,071;0,08;0,99376;5,9;16;3,56;6;2,1;0,67;-21,6;0,61
830;15,9;0,058;0,07;0,99632;7,5;5;3,38;4;2,5;0,05;0,9;0,685
831;20,1;0,071;0,08;0,99376;5,9;16;3,56;6;2,1;0,57;-21,6;0,61
832;10,9;0,145;0,42;0,99832;10,4;34;3,38;3;1,5;0,46;-91,2;0,44
833;11,9;0,147;0,44;0,99836;11,6;36;3,38;4;1,6;0,46;-45,9;0,47
834;13,4;0,088;0,26;0,99694;8,8;16;3,32;5;1,6;0,37;2,3;0,685
835;10,3;0,066;0,1;0,99655;7,6;27;3,39;5;1,5;0;60,5;0,665
836;15,7;0,012;0,28;0,99064;6,7;36;3,26;7;2,4;0,29;110;0,28
837;15,7;0,012;0,28;0,99064;6,7;36;3,26;7;2,4;0;110;0,28
838;12,2;0,075;0,35;0,99672;10,1;9;3,24;7;1,6;0,73;-25,2;0,31
839;16;0,092;0,04;0,99647;6;13;3,46;5;2,2;0;28,6;0,5
840;19,1;0,085;0,47;0,99736;11,1;9;3,24;7;2,65;0;-64,6;0,42
841;14,3;0,115;0;0,99629;6,6;21;3,45;5;3;0,03;-27,9;0,66
842;14,9;0,119;0,45;0,99708;10,6;34;3,23;6;2,6;0;6,8;0,5
843;17,4;0,088;0,35;0,9963;7,1;9;3,28;5;2;0;-174,8;0,685
844;19,6;0,062;0,46;0,9959;9,9;26;3,18;6;1,7;0;4,2;0,25
845;10,8;0,081;0,21;0,99689;6,4;14;3,59;5;1,8;0,16;-27,9;0,64
846;13,8;0,081;0,21;0,99689;6,4;14;3,59;5;1,8;0;34,1;0,64
847;15,9;0,078;0,16;0,9977;7,4;12;3,5;6;1,8;0,6;3,9;0,68
848;12,8;0,081;0,21;0,99689;6,4;14;3,59;5;1,8;0,06;-27,9;0,64
849;10,8;0,08;0,21;0,99689;6,4;12;3,58;5;1,6;0;-28,8;0,63
850;16,5;0,085;0,44;0,99708;9,3;9;3,28;5;1,9;0,25;-19,8;0,43
851;14,5;0,085;0,44;0,99708;9,3;9;3,28;5;1,9;0,35;-19,8;0,43
852;11,7;0,08;0,32;0,99801;8;26;3,22;5;2,5;0,67;-109,8;0,42
853;18,9;0,08;0,39;0,99652;9,3;41;3,47;6;1,5;0;-104,5;0,36
854;13,9;0,08;0,39;0,99652;9,3;41;3,47;6;1,5;0,03;60,5;0,36
855;17,7;0,071;0,02;0,99538;7,6;10;3,51;7;2,5;0,31;-12,6;0,735
856;13,9;0,08;0,39;0,99652;9,3;41;3,47;6;1,5;0,03;60,5;0,36
857;17,3;0,073;0,34;0,99594;8,2;16;3,4;7;2,5;0,28;-42,3;0,26
858;12,6;0,054;0,47;0,99686;11,7;17;3,15;7;1,7;0;3,2;0,28
859;16,2;0,074;0,22;0,99438;6,8;15;3,4;6;1,8;0;-21,6;0,56
860;14,5;0,077;0,06;0,99746;7,2;15;3,51;5;2,7;0;-76,5;0,62
861;14,5;0,039;0,66;0,99357;5,8;15;3,66;6;2;0;96,8;1,01
862;17,4;0,067;0,32;0,99628;7,5;7;3,24;5;2,7;0;-22,5;0,42
863;13,7;0,078;0,06;0,99746;7,2;17;3,51;5;2,5;0;-159,6;0,62
864;14,5;0,077;0,06;0,99746;7,2;15;3,51;5;2,7;0,34;8,5;0,62
865;16,7;0,077;0,07;0,99748;7,2;16;3,51;5;2,6;0,14;-163,4;0,635
866;18,3;0,071;0,22;0,99438;6,8;13;3,41;6;2,3;0,33;2,4;0,49
867;17,2;0,072;0,23;0,99438;6,9;13;3,4;6;2;0,34;2,2;0,51
868;18,2;0,074;0,22;0,99438;6,8;15;3,4;6;1,8;0,12;26,4;0,56
869;18,9;0,08;0,03;0,99578;7,6;27;3,44;6;2;0,24;-38,7;0,63
870;12,8;0,064;0,01;0,99371;7,7;31;3,41;6;2,1;0;-81,7;0,715
871;18,6;0,086;0,03;0,99522;6,9;36;3,53;5;1,5;0,37;-87,4;0,56
872;11;0,067;0,24;0,99576;7,3;28;3,43;4;2;0,44;52,8;0,35
873;19,1;0,067;0,37;0,99552;9,1;6;3,23;7;1,6;0;-19;0,21
874;20,8;0,104;0,46;0,99664;10,4;6;3,12;7;2,1;0;11;0,38
875;16,8;0,109;0,4;0,99614;8,8;7;3,31;7;2,8;0,29;-30,4;0,31
876;16,9;0,067;0;0,99517;7,1;7;3,4;4;2,2;0,18;-26,6;0,47
877;12,8;0,064;0,01;0,99371;7,7;31;3,41;6;2,1;0;-38,7;0,715
878;14;0,094;0,19;0,99787;8,8;30;3,22;6;4;0;75,9;0,61
879;16,5;0,076;0,04;0,99745;7,2;18;3,53;5;2,5;0;-79,2;0,6
880;18,9;0,078;0,18;0,99576;9,2;10;3,15;5;1,6;0;-39,9;0,56
881;16,4;0,068;0;0,99533;7,6;30;3,48;6;2,1;0;3,5;0,715
882;13;0,194;0,29;0,99536;8,4;14;3,22;6;3,1;0,68;28,6;0,31
883;11,5;0,076;0,04;0,99745;7,2;18;3,53;5;2,5;0,35;8,8;0,6
884;15;0,094;0,19;0,99787;8,8;30;3,22;6;4;0;-62,1;0,61
885;15,5;0,086;0,14;0,99824;8,9;9;3,34;5;2,5;0,44;-27;0,75
886;16,4;0,083;0,12;0,99836;9;8;3,33;6;2,4;0;-25,2;0,8
887;18,1;0,066;0,38;0,99577;10,7;29;3,15;7;2,6;0,69;61,6;0,52
888;19,2;0,072;0;0,99491;6,8;32;3,43;6;2,5;0;70,4;0,57
889;13,3;0,112;0,34;1,00289;10,7;23;3,22;5;6,6;0,58;108,9;0,9
890;11,1;0,071;0,24;0,99576;7,2;30;3,44;5;2;0,48;-46,8;0,34
891;15,7;0,078;0,03;0,99743;7,2;16;3,53;5;2,3;0,47;-163,4;0,66
892;13,3;0,082;0,23;0,99774;10,1;10;3,22;6;1,9;0;1,8;0,45
893;13,7;0,078;0,03;0,99743;7,2;16;3,53;5;2,3;0;94,6;0,66
894;16,8;0,08;0,03;0,99745;7,2;17;3,53;6;2,2;0,08;-167,2;0,63
895;11,7;0,08;0,01;0,9955;7,1;27;3,42;6;2,3;0;47,3;0,59
896;17,5;0,078;0,39;0,99444;8,3;17;3,31;7;2,4;0;47,3;0,31
897;16,7;0,08;0,01;0,9955;7,1;27;3,42;6;2,3;0;47,3;0,59
898;17,5;0,078;0,39;0,99444;8,3;17;3,31;7;2,4;0,67;-38,7;0,31
899;19;0,084;0,02;0,99892;8,3;6;3,48;3;3,4;0,09;-9,9;1,02
900;20,8;0,056;0,36;0,99562;8,9;10;3,4;5;2,6;0;3,9;0,31
901;12,8;0,08;0,1;0,99736;7,4;16;3,58;7;2,4;0,19;-62,7;0,635
902;19,8;0,08;0,1;0,99736;7,4;16;3,58;7;2,4;0;-62,7;0,635
903;17,8;0,06;0,06;0,9962;6,8;11;3,41;7;6;0;-34,2;0,59
904;11,8;0,06;0,06;0,9962;6,8;11;3,41;7;6;0,29;-34,2;0,59
905;11,5;0,081;0,2;0,998;9,2;15;3,23;5;3;0;-218,5;0,58
906;16;0,084;0,27;0,9964;7,2;12;3,39;5;2,6;0,51;7,8;0,54
907;16,5;0,079;0;0,9948;6,1;6;3,59;6;2,2;0,44;9,9;0,56
908;15,8;0,078;0,13;0,99528;7,4;34;3,43;6;2,4;0;-54,9;0,52
909;13,5;0,059;0,39;0,99331;7,3;7;3,29;6;1,2;0,02;-20,9;0,305
910;22,2;0,132;0,48;0,99577;9,3;3;3,23;6;3,8;0;-9,9;0,38
911;16,9;0,114;0,46;0,99901;9,1;3;3,18;6;9;0,4;9,9;0,28
912;13,2;0,065;0,44;0,99674;10;4;3,33;6;2,9;0,32;8,8;0,46
913;16,2;0,094;0,46;0,99639;9,4;3;3,27;7;4,6;0;11;0,395
914;20,5;0,059;0,39;0,99331;7,3;7;3,29;6;1,2;0;-20,9;0,305
915;20,9;0,079;0,4;0,99512;8,6;3;3,27;6;2,2;0,27;-5,4;0,315
916;13;0,161;0,19;0,99395;5,3;7;3,62;5;1,5;0,01;68,2;0,715
917;14,1;0,084;0,31;0,99824;6,8;26;3,38;6;8,8;0,24;-85,5;0,41
918;12;0,081;0,32;0,9964;8,4;32;3,3;6;2,2;0,32;7,9;0,36
919;19,8;0,072;0,12;0,99504;8,4;38;3,38;6;1,8;0;50,6;0,62
920;18,5;0,091;0,37;0,99786;9,6;10;3,24;5;2,3;0;2,3;0,41
921;13;0,081;0,32;0,9964;8,4;32;3,3;6;2,2;0;-150,1;0,36
922;14,8;0,072;0,12;0,99504;8,4;38;3,38;6;1,8;0,49;50,6;0,62
923;17,1;0,084;0,31;0,99824;6,8;26;3,38;6;8,8;0,44;49,5;0,41
924;15,2;0,055;0,27;0,99516;8,6;14;3,18;5;2,3;0,1;-53,2;0,47
925;20;0,064;0,36;0,99604;8,6;53;3,47;7;1,9;0,17;84,7;0,22
926;11,2;0,061;0,33;0,99786;9,4;52;3,47;6;2,3;0,7;-138,7;0,24
927;17,2;0,093;0,19;0,99736;8,4;11;3,2;4;2,2;0,39;7,5;0,67
928;19,2;0,055;0,27;0,99516;8,6;14;3,18;5;2,3;0;30,8;0,47
929;21;0,063;0,38;0,99468;8,7;10;3,3;7;3,3;0,63;-36,1;0,33
930;18,5;0,08;0,01;0,99746;6,6;8;3,69;5;1,9;0,43;-47,5;0,61
931;16,8;0,074;0,01;0,99748;7,4;13;3,48;5;2;0;41,8;0,61
932;16,5;0,078;0,29;0,9971;7,6;29;3,45;6;1,9;0,09;-125,4;0,4
933;15,8;0,074;0,01;0,99748;7,4;13;3,48;5;2;0,55;41,8;0,61
934;17,5;0,08;0,01;0,99746;6,6;8;3,69;5;1,9;0,53;27,5;0,61
935;20,8;0,06;0,38;0,99543;8,8;19;3,39;6;2,3;0,22;-64,8;0,3
936;15,8;0,06;0,38;0,99543;8,8;19;3,39;6;2,3;0;79,2;0,3
937;15,4;0,071;0,5;0,99791;12;6;3,07;4;1,4;0,3;-23,4;0,63
938;14,9;0,068;0,38;0,99356;7,2;23;3,34;7;2,8;0,52;4,2;0,38
939;16,4;0,073;0,17;0,99425;6,2;7;3,61;5;1,6;0,14;-20,9;0,46
940;14,4;0,074;0,52;0,99509;9,6;13;3,36;7;2,2;0;-22,5;0,33
941;15,5;0,082;0,49;0,99484;9,9;9;3,19;7;5;0;-32,3;0,27
942;14;0,092;0,4;0,99834;10,1;13;3,22;7;2,6;0,24;57,2;0,43
943;13,7;0,094;0,34;0,99864;9,8;10;3,24;7;2,3;0;4,5;0,5
944;15,1;0,09;0,49;0,99498;8,3;11;3,27;7;3,8;0,54;-45,6;0,3
945;16,1;0,071;0,42;0,99566;10,2;7;3,14;7;2;0,69;-18;0,44
946;14;0,092;0,58;0,99745;10,2;11;3,29;7;4,1;0,89;26,4;0,44
947;19,4;0,093;0,48;0,99408;8,3;6;3,26;7;2,1;0,12;13,2;0,28
948;16,9;0,075;0,45;0,99552;8,9;10;3,41;7;1,8;0,56;-39,9;0,12
949;16,9;0,075;0,45;0,99552;8,9;10;3,41;7;1,8;0,46;23,1;0,12
950;18,9;0,075;0,45;0,99552;8,9;10;3,41;7;1,8;0,36;23,1;0,12
951;14,4;0,093;0,48;0,99408;8,3;6;3,26;7;2,1;0;-10,8;0,28
952;18,2;0,058;0,4;0,99536;8,2;6;3,31;7;2,2;0;-19;0,31
953;13,1;0,052;0,48;0,99458;10,2;5;3,2;7;2,1;0;-8,1;0,34
954;18,2;0,082;0,4;0,99538;7,6;6;3,44;6;2,7;0;-9,9;0,43
955;18,4;0,09;0,52;0,99648;8,5;9;3,36;5;1,9;0,47;2,3;0,21
956;18,3;0,111;0,52;0,99568;9;5;3,31;6;2,1;0,32;-9;0,36
957;17,1;0,088;0,52;0,99613;9,5;12;3,29;6;2;0,08;5,1;0,37
958;12,3;0,12;0,12;0,99519;6,4;25;3,47;7;2,3;0,41;3,6;0,57
959;12;0,089;0,05;0,99735;8;12;3,36;5;2;0,51;3,2;0,59
960;15,1;0,058;0,27;0,99518;8,5;18;3,16;6;1,9;0;41,8;0,47
961;12,3;0,078;0,14;0,99592;7,1;7;3,27;5;1,6;0,22;19,8;0,56
962;15,5;0,115;0,02;0,99654;6,6;6;3,38;5;2,1;0,49;-14,4;0,57
963;12,2;0,1;0,39;0,99546;8,8;20;3,15;6;2;0,29;2,7;0,27
964;20,1;0,058;0,27;0,99518;8,5;18;3,16;6;1,9;0,75;-72,2;0,47
965;18;0,065;0,4;0,99554;8,3;24;3,34;6;2,4;0;52,8;0,34
966;13,9;0,103;0,41;0,99604;9;6;3,13;7;2,4;0;-19;0,38
967;13,2;0,097;0,2;0,99733;8,5;23;3,13;5;2,1;0,08;-101,7;0,66
968;20,2;0,068;0,43;0,9943;9;29;3,2;6;2,4;0;-87,4;0,4
969;17,2;0,079;0,09;0,99669;6,7;7;3,46;5;2,9;0,01;24,2;0,56
970;15,9;0,066;0,48;0,99724;10,4;6;3,33;6;1,9;0,07;-9;0,26
971;13,9;0,066;0,48;0,99724;10,4;6;3,33;6;1,9;0,57;-9;0,26
972;15,6;0,104;0,5;0,99643;10,1;6;3,22;7;2,4;0,35;-24,7;0,38
973;18,7;0,079;0,44;0,99605;8,5;6;3,52;5;1,7;0;-22,8;0,34
974;17,1;0,073;0,41;0,99658;8,8;7;3,3;7;5,9;0,12;14,3;0,33
975;13,4;0,083;0,3;0,997;7,2;35;3,44;5;2,1;0;-64,8;0,41
976;15,4;0,083;0,3;0,997;7,2;35;3,44;5;2,1;0,32;-136,8;0,41
977;16,1;0,109;0,29;0,99801;8,4;31;3,15;5;2,6;0,4;130,9;0,59
978;19,3;0,061;0,32;0,99416;7;9;3,28;7;3,6;0;-55,1;0,4
979;16,4;0,075;0,49;0,9969;12,2;3;3,13;5;1,4;0,53;0,6;0,45
980;17,5;0,065;0,3;0,99774;9,1;8;3,32;6;1,9;0,41;18,7;0,5
981;15;0,079;0,26;0,99712;9,5;13;3,25;5;1,9;0,52;-25,2;0,86
982;17,9;0,07;0,32;0,99418;7,3;51;3,34;6;2,1;0,72;-63;0,52
983;13,5;0,065;0,3;0,99774;9,1;8;3,32;6;1,9;0,51;18,7;0,5
984;16,4;0,075;0,49;0,9969;12,2;3;3,13;5;1,4;0,13;0,6;0,45
985;17,3;0,064;0;0,99562;7,4;7;3,45;6;2;0,18;-9,9;0,58
986;12,4;0,066;0,39;0,9947;9,8;3;3,19;7;1,4;0,25;7,7;0,34
987;14,4;0,08;0,3;0,99693;7,1;35;3,44;5;1,6;0,2;77;0,36
988;12,4;0,097;0,12;0,99596;7,7;19;3,16;5;1,7;0,29;2,7;0,39
989;19,9;0,073;0,4;0,99556;9,7;14;3,14;6;1,5;0,11;-18,9;0,295
990;10,4;0,097;0,12;0,99596;7,7;19;3,16;5;1,7;0;29,7;0,39
991;18,4;0,082;0,28;0,99694;7,1;31;3,45;5;2;0,08;6,8;0,34
992;18,4;0,076;0,1;0,99554;6,5;30;3,36;6;2;0,28;4,7;0,4
993;15,4;0,082;0,28;0,99694;7,1;31;3,45;5;2;0,28;-61,2;0,34
994;12,4;0,092;0,45;0,99918;10;20;3,15;5;2,5;0;96,8;0,35
995;14,1;0,079;0,06;0,99697;7,7;19;3,39;6;2;0,52;-77,9;0,6
996;13,8;0,087;0;0,99378;5,6;3;3,71;7;2,2;0;-20,9;0,66
997;18,8;0,087;0;0,99378;5,6;3;3,71;7;2,2;0,03;1,1;0,66
998;13,1;0,05;0,34;0,99554;8,9;4;3,12;6;1,4;0,08;-9;0,84
999;19,9;0,055;0;0,99162;6,4;7;3,47;6;1,65;0;13,2;0,69
1000;20,5;0,062;0,3;0,99495;7,5;6;3,44;7;2,2;0;-10,8;0,43
1001;11,6;0,058;0,38;0,99676;9,9;31;3,26;7;1,5;0,62;-42,3;0,35
1002;18,7;0,063;0,33;0,99516;9,1;13;3,26;7;2,05;0,74;2,7;0,29
1003;14,8;0,067;0,32;0,9928;6,8;4;3,36;7;1,8;0,05;-15,2;0,36
1004;16,3;0,081;0,29;0,99603;8,2;27;3,25;5;1,6;0,14;-85,5;0,43
1005;21,8;0,067;0,32;0,9928;6,8;4;3,36;7;1,8;0;0,8;0,36
1006;13,7;0,063;0,33;0,99516;9,1;13;3,26;7;2,05;0,74;-24,3;0,29
1007;15,7;0,064;0,34;0,99516;9,1;12;3,26;7;2;0,34;-47,5;0,3
1008;15;0,11;0,4;0,99549;8,9;12;3,23;7;3,6;0,3;-21,6;0,35
1009;16,9;0,116;0,36;0,99722;9,6;26;3,18;5;2,8;0,08;60,5;0,5
1010;17,3;0,067;0,45;0,99354;8,9;7;3,25;7;1,7;0,25;-10,8;0,28
1011;13,4;0,088;0,31;0,9957;8,9;12;3,17;6;2;0,05;20,9;0,32
1012;17;0,102;0,15;0,99604;7,7;11;3,23;5;2,1;0;35,2;1,005
1013;16;0,092;0;0,99635;7,5;22;3,38;6;1,6;0;3,1;0,71
1014;13,2;0,12;0,16;0,99454;8;3;3,22;6;2;0;-13,3;0,58
1015;15,4;0,075;0,46;0,99598;10,5;14;3,06;6;2,2;0;2,7;0,39
1016;19,6;0,068;0,4;0,99486;8,9;12;3,27;7;2,2;0,25;-25,2;0,38
1017;13,7;0,049;0,37;0,99007;8;36;2,89;6;0,9;0;119,9;0,18
1018;20,7;0,049;0,37;0,99007;8;36;2,89;6;0,9;0,24;-207,1;0,18
1019;19,4;0,078;0,14;0,99636;7;10;3,53;5;1,8;0;25,3;0,5
1020;16,9;0,123;0,66;0,99642;11,3;3;3,2;6;2,4;0,33;0,8;0,36
1021;18,9;0,123;0,66;0,99642;11,3;3;3,2;6;2,4;0;-15,2;0,36
1022;17,5;0,062;0,09;0,99584;7;4;3,35;5;2,1;0,34;0,9;0,51
1023;17,3;0,098;0,42;0,99506;8,2;3;3,27;6;2,3;0,45;-8,1;0,32
1024;19,5;0,088;0,01;0,99568;7,7;12;3,32;7;1,8;0,46;-34,2;0,58
1025;16,4;0,095;0;0,99822;8,6;17;3,33;6;2,8;0,2;-38,7;0,83
1026;15,6;0,066;0,32;0,99364;7,9;14;3,41;6;1,9;0,16;-32,4;0,31
1027;13,6;0,065;0;0,99378;6,4;28;3,49;5;2,2;0;-46,8;0,795
1028;13,1;0,075;0,21;0,99586;7,2;41;3,37;6;2,5;0;-61,2;0,34
1029;15,5;0,088;0,01;0,99568;7,7;12;3,32;7;1,8;0,16;1,8;0,58
1030;18,5;0,091;0;0,99488;7,1;9;3,42;7;2,1;0,35;-12,6;0,59
1031;13;0,093;0,01;0,99514;7,3;9;3,35;7;1,8;0;1,5;0,55
1032;16,6;0,095;0;0,99854;8,1;5;3,36;5;4,1;0,03;15,4;0,82
1033;17,4;0,089;0,08;0,99592;7,5;14;3,3;6;2,6;0,39;29,7;0,57
1034;11,7;0,077;0,18;0,99739;8,9;15;3,2;6;2,5;0,37;52,8;0,745
1035;18,6;0,085;0,34;0,99683;10,1;5;3,17;7;2,4;0,35;18,7;0,37
1036;13,5;0,082;0,34;0,99356;7,6;26;3,22;7;2,5;0,09;-31,5;0,31
1037;17,2;0,074;0,1;0,99672;7,3;20;3,35;5;1,8;0,06;61,6;0,91
1038;17,6;0,078;0,41;0,9953;8,7;25;3,24;7;6,2;0,07;-37,8;0,41
1039;12,1;0,088;0,21;0,99692;8,9;21;3,33;6;2,2;0,73;3,9;0,5
1040;13,2;0,088;0;0,99756;7,4;16;3,58;5;2,2;0,37;35,2;0,965
1041;11,8;0,079;0,19;0,99547;6,9;13;3,38;6;1,7;0,44;2,6;0,49
1042;17,1;0,088;0,21;0,99692;8,9;21;3,33;6;2,2;0,73;-74,1;0,5
1043;18,9;0,069;0,41;0,99859;9,5;18;3,29;7;8,9;0,11;42,9;0,39
1044;21,2;0,046;0,33;0,99294;6,4;12;3,36;6;3,3;0,52;58,3;0,39
1045;13,4;0,07;0;0,99438;6,9;32;3,32;6;1,4;0,08;-34,2;0,44
1046;16,7;0,076;0;0,99612;7,6;33;3,31;6;1,7;0;4,5;0,78
1047;19,4;0,082;0,17;0,99634;7,1;27;3,49;5;1,8;0,14;5,1;0,43
1048;11,9;0,081;0,36;0,99702;9,3;3;3,27;6;1,7;0,18;1,4;0,49
1049;17,8;0,084;0,36;0,99704;9,3;6;3,27;6;1,8;0,07;-15,3;0,5
1050;12,4;0,082;0,17;0,99634;7,1;27;3,49;5;1,8;0;56,1;0,43
1051;16,2;0,414;0,59;0,99702;8,5;16;3,03;5;1,4;0,84;49,5;0,46
1052;18,9;0,073;0,05;0,99258;5,6;19;3,56;5;2,4;0,25;27,5;0,605
1053;15,7;0,07;0,42;0,99426;8,3;9;3,38;7;2,3;0,17;-18;0,33
1054;17,1;0,095;0,27;0,99747;8,2;5;3,13;6;2;0,42;-69,3;0,64
1055;11,1;0,095;0,27;0,99747;8,2;5;3,13;6;2;0,22;84,7;0,64
1056;17,1;0,101;0,53;0,99586;8,9;3;3,21;7;4;0,49;1;0,48
1057;18,1;0,104;0,25;0,99784;7,6;28;3,15;5;3,9;0,07;99;0,42
1058;13,6;0,093;0,57;0,9971;9,9;30;3,19;7;2,4;0,26;-98,8;0,53
1059;14,1;0,101;0,53;0,99586;8,9;3;3,21;7;4;0,09;-19;0,48
1060;10,9;0,074;0,57;0,9981;11,6;3;3,14;6;1,8;0,4;0,8;0,23
1061;13,5;0,071;0,5;0,99462;9,1;7;3,21;8;1,8;0,09;-30,4;0,4
1062;14,4;0,098;0,44;0,9956;8;6;3,3;6;1,9;0;-13,5;0,38
1063;16,8;0,075;0,65;0,99565;10,2;6;3,22;6;2,4;0,43;-32,3;0,29
1064;16,8;0,067;0,09;0,99418;8,2;5;3,28;6;2;0,47;-9;0,74
1065;16,2;0,083;0,18;0,9963;7,7;6;3,29;6;2,4;0,2;-38;0,61
1066;19,5;0,07;0,08;0,99358;6,6;13;3,4;7;2,4;0,12;-23,4;0,52
1067;11,9;0,06;0,53;0,99572;11,1;3;3,02;7;2,2;0,13;1;0,31
1068;14,9;0,06;0,53;0,99572;11,1;3;3,02;7;2,2;0;11;0,31
1069;19,8;0,086;0,35;0,997;8;28;3,31;5;2,8;0;-98,8;0,62
1070;14,1;0,057;0,45;0,99498;9,3;19;3,18;7;1,5;0,39;-33,3;0,33
1071;18,2;0,098;0,2;0,99892;7,5;30;3,2;5;8,1;0,28;-174,8;0,77
1072;18,5;0,083;0,26;0,9968;7,2;33;3,4;6;1,8;0;-142,5;0,35
1073;14,7;0,088;0,33;0,9972;8;16;3,31;6;2,7;0,38;-70,3;0,62
1074;15,2;0,098;0,2;0,99892;7,5;30;3,2;5;8,1;0,38;101,2;0,77
1075;14,2;0,071;0,34;0,99769;9,1;45;3,44;7;2;0,66;-127,3;0,25
1076;20,4;0,073;0,56;0,99534;9,9;3;3,15;6;2;0,23;-7,2;0,32
1077;12;0,08;0,65;0,99817;8,6;3;3,27;5;6,4;0,18;-7,2;0,37
1078;20;0,08;0,65;0,99817;8,6;3;3,27;5;6,4;0,48;-15,2;0,37
1079;18,3;0,05;0,68;0,99316;7,9;37,5;3,01;7;8,3;0,31;-250,2;0,3
1080;18,8;0,047;0,56;0,99471;10,3;3;3,16;6;1,4;0,31;0,8;0,27
1081;15,3;0,05;0,68;0,99316;7,9;37,5;3,01;7;8,3;0,31;-260,1;0,3
1082;11,5;0,073;0,3;0,99685;7,2;31;3,42;6;1,8;0;7;0,38
1083;14;0,072;0,45;0,99617;8,7;32;3,33;6;2,4;0;-53,1;0,42
1084;17,5;0,073;0,3;0,99685;7,2;31;3,42;6;1,8;0;-63;0,38
1085;10,6;0,074;0,08;0,99529;6,8;40;3,12;5;1,8;0,39;6,4;0,48
1086;14,6;0,055;0,4;0,99738;8,5;3;3,38;7;4,7;0,56;-8,1;0,34
1087;19,2;0,057;0,42;0,994;7,9;18;3,29;6;1,6;0;-27;0,19
1088;12,9;0,095;0,54;0,99735;11,6;22;3,02;7;1,5;0;-36,9;0,41
1089;11,9;0,095;0,54;0,99735;11,6;22;3,02;7;1,5;0,06;45,1;0,41
1090;16,8;0,083;0,54;0,99451;10;42;2,98;8;1,9;0;-66,6;0,26
1091;20,4;0,086;0,42;0,99546;7,9;8;3,35;6;2;0,5;1,9;0,34
1092;19,5;0,081;0,09;0,99479;7;10;3,43;6;2;0,19;-14,4;0,54
1093;13;0,079;0,36;0,99615;9,2;11;3,33;7;2,2;0,56;34,1;0,31
1094;15,8;0,117;0,09;0,99655;6,6;9;3,35;6;5,5;0;18,7;0,725
1095;11,5;0,087;0,47;0,99772;9,4;6;3,15;5;2,5;0,4;2;0,4
1096;13,8;0,117;0,09;0,99655;6,6;9;3,35;6;5,5;0;-15,3;0,725
1097;13,4;0,096;0,38;0,99666;8,6;5;3,2;5;1,5;0;-34,2;0,52
1098;19,5;0,216;0,45;0,99358;8;5;3,15;7;2,1;0,21;-30,4;0,31
1099;16,4;0,096;0,38;0,99666;8,6;5;3,2;5;1,5;0,42;-34,2;0,52
1100;7,4;0,072;0,42;0,99392;8,4;23;3,11;6;2,1;1,28;39,6;0,34
1101;8;0,071;0,27;0,99388;7,4;14;3,35;6;2,1;0,33;-22,5;0,49
1102;6,2;0,078;0,09;0,99402;6,1;18;3,45;6;1,7;0,8;-27;0,48
1103;17;0,071;0,27;0,99388;7,4;14;3,35;6;2,1;0,7;2,5;0,49
1104;12,4;0,073;0,34;0,9936;8;16;3,28;6;2,2;0,46;-47,5;0,48
1105;7,8;0,048;0,28;0,99374;6,3;13;3,41;5;2,1;0,4;4,9;0,57
1106;10,3;0,069;0,42;0,99376;8,2;9;3,21;6;1,9;0,74;18,7;0,23
1107;10,7;0,068;0,41;0,99523;9,1;10;3,27;7;2;0,65;-45,6;0,3
1108;3,5;0,09;0,1;0,99855;8,1;4;3,36;5;3,3;0,4;-11,7;0,78
1109;5,8;0,171;0,43;0,9982;10,8;27;3,17;6;2,1;1,36;72,6;0,47
1110;3;0,07;0;0,99593;8,3;6;3,25;6;1,4;0,84;1,4;0,53
1111;13,3;0,092;0,27;0,99471;5,4;23;3,78;7;2;0,84;60,5;0,42
1112;11;0,056;0,41;0,99396;7,9;6;3,29;6;1,5;0,61;38,5;0,33
1113;12,5;0,074;0,39;0,99698;8,9;3;3,12;6;1,6;0,59;-9;0,24
1114;10,6;0,046;0,5;0,9902;5;29;3,49;6;4,3;0,76;-152;0,4
1115;12,3;0,091;0,07;0,99572;7;15;3,38;6;2,5;0,5;-18,9;0,69
1116;11,3;0,091;0,07;0,99572;7;15;3,38;6;2,5;0,7;-39,9;0,69
1117;10,3;0,091;0,07;0,99572;7;15;3,38;6;2,5;1,2;-39,9;0,69
1118;9,3;0,065;0,12;0,99252;7,1;14;3,3;6;2,1;0,3;-45,6;0,39
1119;17,9;0,066;0;0,99256;5,6;7;3,52;5;2,5;0,9;16,5;0,66
1120;16,1;0,076;0,34;0,99235;7,9;8;3,2;8;2,5;0,32;-32,3;0,54
1121;15,3;0,062;0;0,99352;6,6;21;3,44;6;1,8;0,55;30,8;0,5
1122;9,3;0,055;0;0,9922;6,3;27;3,45;6;1,4;0,1;-62,7;0,47
1123;16,2;0,081;0,37;0,99674;10,7;17;3,12;6;1,9;0,7;31,9;0,4
1124;9,5;0,096;0;0,99557;6,5;3;3,62;4;2,2;1,02;-24,7;0,58
1125;8,3;0,055;0,35;0,99394;8,8;13;3,14;7;1,7;0,6;-51,3;0,24
1126;11,5;0,063;0,26;0,9915;5,8;3;3,39;6;1,7;0,3;12,1;0,29
1127;14,5;0,072;0;0,99379;6,3;26;3,51;6;2,9;0,9;-46,8;0,76
1128;14;0,095;0,33;0,9984;10;28;3,22;5;2,7;1,18;-80,1;0,43
1129;12,5;0,092;0,35;0,99798;10,5;24;3,21;6;3,3;1,09;77;0,43
1130;18,4;0,058;0;0,9977;9,1;5;3,18;6;1,9;0,3;-19;0,6
1131;11,5;0,045;0,21;0,99341;5,9;57;3,32;5;1,7;0,5;-256,5;0,19
1132;8,6;0,075;0,34;0,9933;7,4;18;3,38;7;1,8;0,78;41,8;0,36
1133;12,2;0,089;0,07;0,99684;7,2;10;3,37;7;5,5;1,18;1,8;0,48
1134;5,8;0,061;0,35;0,99524;8,5;6;3,3;7;1,7;0,2;-13,5;0,28
1135;7,9;0,067;0,43;0,9946;8;22;3,38;6;1,7;1,2;5;0,25
1136;6,4;0,08;0,45;0,99774;10,4;6;3,22;6;2;0,76;1,3;0,52
1137;9,4;0,08;0,45;0,99774;10,4;6;3,22;6;2;0,66;1,3;0,52
1138;1,1;0,104;0,15;0,99786;7,5;29;3,14;5;3,7;0,88;-178,6;0,41
1139;5,5;0,079;0,24;0,99764;8,2;16;3,34;6;2;0,94;-77,4;0,51
1140;3,5;0,08;0,3;0,9969;7,3;33;3,41;6;1,7;0,95;7,9;0,4
1141;6;0,08;0,32;0,99624;8,2;24;3,27;6;2,5;0,55;78,1;0,38
1142;4,4;0,043;0,11;0,99354;6,9;6;3,3;6;2,4;0,95;1,2;0,45
1143;12;0,065;0,3;0,99672;7;16;3,61;6;1,8;1,12;-18;0,22
1144;14,1;0,066;0,23;0,99588;7,3;35;3,43;5;2,3;0,8;7;0,32
1145;17,4;0,076;0,43;0,99672;8,2;31;3,53;6;2,5;0,81;-96,9;0,2
1146;4,8;0,178;0,12;0,996;7,8;6;3,28;6;1,8;0,57;-18,9;0,5
1147;15,8;0,071;0,45;0,99702;10;6;3,21;7;6,2;0,3;-12,6;0,41
1148;7,6;0,086;0,42;0,99526;7,8;9;3,39;6;2;0,8;2,1;0,39
1149;5;0,061;0,47;0,99585;10;6;3,23;6;2;0,72;1,1;0,35
1150;16,8;0,067;0,32;0,99473;8,2;4;3,3;7;2,8;0,6;-10,8;0,33
1151;11,5;0,044;0,23;0,99352;6,1;16;3,46;6;2,5;0,15;-133;0,58
1152;9,8;0,118;0,25;0,99616;8,3;9;3,15;5;2,2;0,5;-72,2;0,6
1153;15,1;0,083;0,35;0,99622;9,6;17;3,23;6;2,1;0,9;-72,2;0,42
1154;6,4;0,1;0;0,99544;6,6;50;3,59;6;2,2;0,38;-119,7;0,58
1155;11,8;0,118;0,25;0,99616;8,3;9;3,15;5;2,2;0,8;3,8;0,6
1156;9,8;0,071;0,51;0,99524;8,5;45;3,33;7;1,75;0,9;8,8;0,18
1157;11,9;0,042;0,18;0,9924;5,1;16;3,46;7;2,1;0,8;111,1;0,51
1158;14,6;0,076;0,43;0,99572;6,7;22;3,42;6;2,8;0,46;5,4;0,41
1159;13,8;0,11;0,43;0,99728;10,2;11;3,16;5;2,2;0,67;-33,3;0,41
1160;11,1;0,087;0,57;0,99676;10,6;6;3,14;7;2,3;1,42;-18;0,36
1161;17,2;0,076;0,43;0,99551;8,8;12;3,21;6;1,4;0,45;-18,9;0,45
1162;7,8;0,075;0,42;0,99434;8,5;12;3,14;7;2,3;0,91;-36,1;0,32
1163;12;0,078;0,24;0,99692;9;10;3,29;5;1,7;0,9;-18,9;0,785
1164;13;0,078;0,24;0,99692;9;10;3,29;5;1,7;0,3;-18,9;0,785
1165;13,4;0,369;0,5;0,99634;8,5;15;3,01;5;1,9;0,8;3,8;0,44
1166;16,2;0,111;0,26;0,99709;9,9;7;2,94;5;2;1,38;66;0,54
1167;9,4;0,074;0,39;0,99528;8,2;29;3,32;7;2,5;0,78;-43,2;0,33
1168;7;0,067;0,27;0,99384;6,5;8;3,21;6;2,8;0,1;-83,6;0,34
1169;14,5;0,086;0,29;0,99502;7,6;5;3,32;6;2,3;0,82;-12,6;0,5
1170;3,5;0,062;0,34;0,99667;9,2;5;3,2;6;1,6;1,47;13,2;0,36
1171;9,8;0,078;0;0,99522;7,1;26;3,42;6;2,2;0,68;4,4;0,59
1172;12,3;0,074;0,46;0,99649;9,7;5;3,27;6;2,1;1,04;17,6;0,42
1173;10,5;0,079;0,31;0,99716;7,6;26;3,46;6;1,7;0,82;71,5;0,36
1174;13,5;0,079;0,31;0,99716;7,6;26;3,46;6;1,7;0,42;71,5;0,36
1175;5,5;0,095;0;0,99541;6,5;48;3,61;6;2,2;0,9;-53,1;0,61
1176;10,2;0,079;0,03;0,99572;6,5;23;3,58;4;5,6;0,9;4,7;0,88
1177;5,7;0,052;0;0,99318;7,1;6;3,35;7;2,4;0,5;-20,9;0,66
1178;12,4;0,041;0;0,99346;5,6;17;3,68;5;2,1;0,2;85,8;0,915
1179;18;0,076;0,33;0,99599;8,2;11;3,27;6;2,4;0,51;-89,3;0,35
1180;8;0,076;0,33;0,99599;8,2;11;3,27;6;2,4;0,51;-89,3;0,35
1181;11,4;0,068;0,43;0,99478;9,8;5;3,19;5;1,65;0,46;12,1;0,39
1182;10,5;0,068;0,4;0,99754;10,2;41;3,38;6;2,5;0,66;-102,6;0,4
1183;15,3;0,07;0,07;0,99572;6,8;16;3,29;5;1,6;0,7;6,1;0,66
1184;10,9;0,08;0,23;0,99538;6,7;11;3,36;5;2,1;0,9;130,9;0,64
1185;11,9;0,085;0,3;0,99346;7;6;3,33;6;2;0,8;42,9;0,43
1186;18,2;0,079;0,03;0,9963;6,6;6;3,52;5;7,8;0,3;1,2;0,8
1187;7,9;0,085;0,3;0,99346;7;6;3,33;6;2;0,7;-74,1;0,43
1188;9,9;0,08;0,23;0,99538;6,7;11;3,36;5;2,1;0,8;-107,1;0,64
1189;10,6;0,075;0,05;0,99616;8,8;5;3,3;4;1,8;0,94;-36,1;0,955
1190;19,5;0,08;0,57;0,99652;9,1;6;3,28;6;4,6;0,1;2;0,4
1191;11,8;0,166;0;0,99551;6,5;6;3,56;5;2,3;0,6;13,2;0,885
1192;7,4;0,063;0,37;0,99439;7,2;11;3,52;7;2,5;0,9;-36,9;0,25
1193;12,8;0,166;0;0,99551;6,4;6;3,56;5;2,3;0,8;-10,8;0,885
1194;12,5;0,114;0,12;0,99588;7;15;3,22;6;1,8;0,3;6,4;0,745
1195;11,5;0,078;0,22;0,99633;6,2;21;3,52;6;1,8;1;-50,4;0,43
1196;8,5;0,076;0,23;0,99686;7,9;23;3,21;6;2,3;0,88;9,4;0,58
1197;4,8;0,069;0,21;0,99458;7,7;4;3,16;6;1,5;0,74;9,9;0,57
1198;7,9;0,052;0,26;0,9951;7,7;19;3,15;6;2;0,2;7,7;0,26
1199;10,5;0,076;0,23;0,99686;7,9;23;3,21;6;2,3;0,78;-178,6;0,58
1200;10,8;0,069;0,21;0,99458;7,7;4;3,16;6;1,5;0,9;-17,1;0,57
1201;14,2;0,065;0,36;0,99419;7,9;5;3,27;7;1,9;0,74;11;0,34
1202;9,7;0,068;0,39;0,99516;8,6;6;3,35;8;1,8;0,5;13,2;0,42
1203;9,4;0,111;0,19;0,99878;9,9;33;3,14;5;5,8;1,15;83,6;0,74
1204;9;0,074;0,46;0,99534;7,2;24;3,4;7;2,1;0,55;4,4;0,36
1205;17;0,074;0,46;0,99534;7,2;24;3,4;7;2,1;1,25;48,4;0,36
1206;14;0,074;0,46;0,99534;7,2;24;3,4;7;2,1;0,6;4,4;0,36
1207;10;0,136;0,55;0,99752;9,9;24;3,35;5;1,7;0,84;-46,8;0,72
1208;14;0,074;0,46;0,99534;7,2;24;3,4;7;2,1;1,05;-39,6;0,36
1209;11,2;0,071;0,43;0,99428;6,2;14;3,45;7;2;0,47;2,4;0,39
1210;8,4;0,078;0,02;0,99498;6,8;8;3,35;6;2,1;0,4;16,5;0,65
1211;7,3;0,076;0,15;0,9957;6,6;22;3,32;5;2,1;0,9;-100,7;0,44
1212;7,4;0,078;0,02;0,99498;6,8;8;3,35;6;2,1;0,52;1,5;0,65
1213;13,5;0,071;0,42;0,99659;9,6;5;3,15;6;1,9;0,75;1,3;0,38
1214;9,4;0,081;0,46;0,99628;10,2;6;3,1;6;1,9;0,5;0,9;0,33
1215;14,3;0,095;0,46;0,99488;8,8;20;3,26;6;2,1;0,66;31,9;0,27
1216;7,5;0,079;0,31;0,99677;7,9;10;3,29;6;2;0,69;86,9;0,57
1217;9;0,057;0,37;0,99408;8,2;43;3,23;6;1,9;1,21;-140,6;0,34
1218;8,6;0,082;0,31;0,996;8,2;8;3,24;6;1,9;0,99;-21,6;0,4
1219;12,9;0,044;0,4;0,99478;9;25;3,2;6;1,3;0,43;-95;0,39
1220;16,5;0,132;0,52;0,99734;10,9;17;3,28;6;1,8;0,57;-83,6;0,32
1221;10,5;0,132;0,52;0,99734;10,9;17;3,28;6;1,8;0,6;-83,6;0,32
1222;13,6;0,078;0,22;0,99678;8,1;33;3,26;6;2,2;0,56;8,9;0,53
1223;7;0,074;0,47;0,99638;10,5;9;3,23;6;2,2;0,56;-20,7;0,36
1224;7,3;0,08;0,49;0,9992;12,6;8;3,07;6;2,5;0,92;22;0,39
1225;10,4;0,091;0,23;0,99922;9,2;18;3,15;5;2,6;0,4;-69,3;0,46
1226;10,2;0,08;0,03;0,99592;7,5;27;3,02;5;4,1;1,17;4,6;0,58
1227;12,6;0,104;0,25;0,99769;9;8;3,27;5;2;0,8;-39,9;0,58
1228;16,6;0,044;0;0,99157;5,1;18;3,68;7;1,8;1,13;-79,2;0,42
1229;2,5;0,075;0,29;0,99718;7,6;19;3,4;5;2,1;0,74;72,6;0,43
1230;17,8;0,066;0,34;0,9947;7,7;15;3,37;6;2,7;0,98;-52,2;0,18
1231;13,8;0,074;0,01;0,99621;7,8;48;3,38;5;2,6;0,4;9;0,815
1232;5,5;0,075;0,29;0,99718;7,6;19;3,4;5;2,1;0,94;-59,4;0,43
1233;8,3;0,057;0,37;0,99614;10,2;14;3,23;4;2,2;0,69;3,6;0,23
1234;8,8;0,059;0,01;0,99242;7,1;11;3,39;6;2,2;0,7;19,8;0,75
1235;12,5;0,054;0,32;0,99572;6;6;3,3;4;12,9;0,3;-214,7;0,33
1236;5,4;0,07;0;0,99659;7,8;7;3,26;6;1,7;0,94;-32,3;0,55
1237;9,8;0,059;0,01;0,99242;7,1;11;3,39;6;2,2;0,3;-34,2;0,75
1238;13,6;0,081;0;0,99798;8,1;12;3,38;4;2,5;0,4;2,4;0,73
1239;8,8;0,057;0;0,99488;6,5;11;3,45;4;4,3;0,3;22;0,67
1240;10,3;0,076;0,2;0,99494;7,5;36;3,1;5;1,7;0,7;-114;0,61
1241;9,8;0,079;0,39;0,99729;9,8;28;3,16;5;2,5;0,3;-58,5;0,37
1242;18,2;0,058;0,41;0,99414;9;15;3,22;6;2;1,2;-76;0,4
1243;8,5;0,082;0,22;0,9983;8,3;10;3,37;5;2,4;0,82;94,6;0,56
1244;6,3;0,067;0,25;0,99721;5,9;72;3,33;6;13,4;0,2;-144;0,29
1245;8,5;0,082;0,19;0,99655;7,4;15;3,49;5;1,8;0,48;-30,6;0,55
1246;10;0,086;0,07;0,99502;7,4;15;3,12;5;1,7;0,6;52,8;0,74
1247;6,5;0,082;0,19;0,99655;7,4;15;3,49;5;1,8;0,18;-64,6;0,55
1248;13,1;0,081;0,33;0,9949;6,9;22;3,41;6;2,2;1,45;-32,4;0,41
1249;12,9;0,079;0,01;0,99514;7,1;24;3,4;6;2,3;0,51;40,7;0,6
1250;5,9;0,079;0,01;0,99514;7,1;24;3,4;6;2,3;0,9;40,7;0,6
1251;3,8;0,077;0,14;0,9963;7,5;27;3,28;5;2,2;0,59;-54;0,58
1252;15,8;0,123;0;0,99627;7,1;6;3,45;5;1,8;0,98;-12,6;0,72
1253;7,5;0,096;0;0,99569;7,9;6;3,43;5;1,4;0,1;-11,7;0,66
1254;10,9;0,079;0,06;0,99628;7,8;20;3,4;5;1,9;0,5;3,5;0,7
1255;15;0,069;0,02;0,99358;6,1;26;3,47;5;2,4;0,9;-41,4;0,64
1256;6,2;0,082;0,22;0,99499;7,5;43;3,1;5;1,8;0,4;6;0,59
1257;8;0,085;0,28;0,99633;7;12;3,32;6;4,8;0,5;-62,1;0,58
1258;10,3;0,123;0;0,99538;6,8;15;3,44;6;2,7;1,13;36,3;0,64
1259;7,3;0,123;0;0,99538;6,8;15;3,44;6;2,7;0,43;36,3;0,64
1260;12,3;0,403;0,68;0,99632;8,6;19;3,02;5;1,8;1,15;-50,4;0,635
1261;11,2;0,083;0;0,99437;6,3;17;3,59;4;2;0,8;2,4;1,02
1262;11,8;0,081;0,38;0,99726;9,8;34;3,15;5;2,5;0,9;72,6;0,45
1263;11,6;0,089;0;0,9978;8,2;13;3,37;4;2,2;0,46;2,6;0,78
1264;7,8;0,066;0,32;0,99456;8,5;26;3,38;6;1,8;0,1;5,1;0,37
1265;11,3;0,081;0,05;0,99564;7,2;16;3,38;6;2,3;1;3,6;0,57
1266;16,3;0,081;0,05;0,99564;7,2;16;3,38;6;2,3;1;-68,4;0,57
1267;8,4;0,068;0,5;0,996;10,4;13;3,1;6;2,3;1,17;1,9;0,43
1268;7,5;0,079;0,31;0,99668;6,9;21;3,47;6;2;0,5;-96,9;0,41
1269;14;0,044;0,03;0,9908;5,5;28;3,5;8;1,8;1,02;8,7;0,49
1270;20;0,048;0,01;0,99084;5;26;3,7;6;1,6;0,95;6;0,38
1271;7,7;0,049;0,2;0,9935;7,3;24;3,38;6;1,6;0,27;70,4;0,44
1272;13,2;0,077;0;0,99385;5,9;25;3,5;5;1,9;1,03;-39,6;0,46
1273;11,3;0,073;0,2;0,99494;7,5;34;3,1;5;2;0,43;4,4;0,58
1274;7,2;0,102;0,13;0,9944;7,8;17;3,24;6;2,1;0,6;-68,4;0,58
1275;13,5;0,075;0,22;0,99688;8;13;3,24;6;2,3;0,6;-72,9;0,715
1276;19;0,05;0,4;0,99566;8,5;3;3,28;4;6,3;0,8;11;0,4
1277;12,7;0,114;0;0,99636;7;3;3,35;6;1,9;0,9;-9;0,69
1278;8,5;0,075;0,22;0,99688;8;13;3,24;6;2,3;0,2;89,1;0,715
1279;13,5;0,062;0,39;0,9948;9,8;3;3,14;7;1,7;0,77;0,9;0,3
1280;14,4;0,077;0,2;0,9956;7,1;28;3,37;6;1,9;0,74;-102,6;0,46
1281;11,4;0,077;0,2;0,9956;7,1;28;3,37;6;1,9;0,44;-102,6;0,46
1282;6,9;0,084;0;0,99619;7,9;9;3,33;6;2;0,2;24,2;0,765
1283;4,2;0,096;0,28;0,99734;8,7;17;3,26;6;2,7;0,5;-131,1;0,63
1284;14,9;0,071;0,19;0,99476;7;18;3,39;5;2,3;0,56;39,6;0,42
1285;14,5;0,09;0,5;0,99734;11,3;20;3,15;5;1,8;0,47;-42,3;0,37
1286;13,4;0,068;0,44;0,99328;7,1;17;3,35;6;2,5;0,5;-58,9;0,16
1287;8;0,056;0,08;0,99286;8;3;3,22;5;2,6;0,8;0,7;0,6
1288;13,2;0,068;0,3;0,99914;7;20;3,3;5;4,5;1,37;11;0,6
1289;10,2;0,068;0,3;0,99914;7;20;3,3;5;4,5;1,67;-209;0,6
1290;15;0,1;0;0,99521;7,6;6;3,36;5;1,9;0,89;-10,8;0,74
1291;13,9;0,073;0,1;0,99638;8,2;25;3,29;6;2,1;1,15;6;0,635
1292;5,4;0,056;0,13;0,99362;5,9;14;3,62;6;2,4;0,87;-25,2;0,395
1293;10,7;0,084;0;0,99672;7,5;6;3,34;4;1,9;0,39;1,2;0,755
1294;11,9;0,073;0,1;0,99638;8,2;25;3,29;6;2,1;0,45;-54;0,635
1295;6,5;0,093;0;0,99558;6,6;51;3,2;5;4,3;0,7;-147,25;0,63
1296;9,5;0,093;0;0,99558;6,6;51;3,2;5;4,3;0,1;-69,75;0,63
1297;7,1;0,064;0,14;0,99323;7,2;15;3,35;6;2,1;0,2;2,9;0,53
1298;12,2;0,063;0;0,99191;5,7;11;3,45;6;1,4;0,4;19,8;0,6
1299;13,9;0,137;0;0,99476;7,6;5;3,5;3;2,1;0,1;9,9;1,58
1300;15,5;0,08;0;0,99444;5,2;15;3,78;6;2,15;0,9;-25,2;0,645
1301;14,7;0,1;0,07;0,99598;6,7;20;3,6;6;2;1,14;-51,3;0,86
1302;10,2;0,064;0,32;0,99576;9,1;4;3,3;6;2,1;0,4;-13,5;0,37
1303;6,2;0,081;0,44;0,99501;8;28;3,36;5;1,8;0,76;-129,2;0,28
1304;11,2;0,087;0,21;0,9955;7,6;21;3,12;5;2,3;0,64;-129,2;0,79
1305;12,8;0,073;0,26;0,99612;7,5;24;3,3;5;1,9;1,13;-79,2;0,61
1306;9,1;0,088;0,32;0,9979;9,7;22;3,29;5;2,5;0,62;9,1;0,69
1307;13,1;0,068;0,09;0,99524;6,8;15;3,41;4;3,9;0,32;31,9;0,68
1308;11,1;0,088;0,32;0,9979;9,7;22;3,29;5;2,5;1,22;9,1;0,69
1309;11,2;0,071;0,1;0,996;7;27;3,28;5;1,4;0,41;69,3;0,62
1310;10,8;0,073;0,26;0,99612;7,5;24;3,3;5;1,9;0,3;8,8;0,61
1311;14,8;0,064;0,15;0,9929;6,5;12;3,33;6;3;0,8;-51,3;0,51
1312;7,5;0,083;0,21;0,99532;8;14;3,34;5;1,9;0,9;45,1;1,18
1313;17,1;0,086;0,21;0,99558;7;20;3,4;6;2,3;0,84;-123,5;0,36
1314;16,1;0,086;0,21;0,99556;7;24;3,4;6;2,4;0,53;-62,1;0,36
1315;4,8;0,083;0,27;0,99616;7,5;17;3,26;6;2;1,08;-81,9;0,63
1316;13,5;0,041;0;0,99258;5,4;16;4,01;6;1,2;0,49;50,6;0,74
1317;14,9;0,091;0,46;0,99638;9,9;10;3,18;6;2,2;0,8;4,1;0,44
1318;6,8;0,083;0,27;0,99616;7,5;17;3,26;6;2;0,2;9,1;0,63
1319;9,1;0,414;0,68;0,99652;9,1;18;2,9;6;1,7;0,93;-57,6;0,76
1320;14,1;0,094;0,34;0,99796;9,7;12;3,26;5;2,6;0,96;96,8;0,66
1321;14,5;0,041;0;0,99258;5;16;4,01;6;1,2;1,29;50,6;0,74
1322;6,4;0,058;0,42;0,99392;9,1;9;3,18;5;1,8;1,25;19,8;0,34
1323;8;0,06;0,39;0,99495;9,1;21;3,18;7;1,8;0,6;60,5;0,36
1324;10,6;0,077;0,24;0,9948;6,7;18;3,39;6;1,7;0,5;3,4;0,46
1325;6,6;0,077;0,24;0,9948;6,7;18;3,39;6;1,7;0,8;-64,6;0,46
1326;12,6;0,077;0,24;0,9948;6,7;18;3,39;6;1,7;0,9;37,4;0,46
1327;3,6;0,077;0,24;0,9948;6,7;18;3,39;6;1,7;0,5;-30,6;0,46
1328;3,3;0,073;0,11;0,9955;6,5;13;3,34;5;1,8;0,7;-72,2;0,52
1329;9,8;0,083;0,26;0,99616;7,4;17;3,29;6;2,1;0,7;-172,9;0,6
1330;10,8;0,083;0,26;0,99616;7,4;17;3,29;6;2,1;1,26;9,1;0,6
1331;10,2;0,107;0,26;0,99668;7,8;31;3,26;5;3,8;0,7;-127,3;0,87
1332;9,7;0,075;0,1;0,99581;8,4;6;3,09;6;1,7;0,73;2,5;0,39
1333;13,6;0,079;0,22;0,9976;9,1;12;3,18;5;2,2;1,21;4,8;0,775
1334;6;0,166;0;0,99608;7,2;4;3,39;5;2;0,72;-9,9;0,835
1335;12,6;0,069;0,02;0,99387;6,6;19;3,38;6;2,4;0,56;-36;0,58
1336;8,5;0,057;0;0,99448;6;15;3,36;5;1,4;0,8;-23,4;0,5
1337;9,5;0,057;0;0,99448;6;15;3,36;5;1,4;1,25;28,6;0,5
1338;7,5;0,057;0;0,99448;6;15;3,36;5;1,4;0,8;-49,4;0,5
1339;8,5;0,084;0,02;0,99538;7,5;13;3,36;6;1,7;0,9;-27,9;0,51
1340;5,5;0,084;0,02;0,99538;7,5;13;3,36;6;1,7;0,54;-27,9;0,51
1341;15,5;0,084;0,02;0,99538;7,5;13;3,36;6;1,7;0,5;-27,9;0,51
1342;8,4;0,085;0,02;0,99589;7,6;17;3,37;6;1,7;0,21;34,1;0,54
1343;7,5;0,084;0,02;0,99538;7,5;13;3,36;6;1,7;0,84;3,1;0,51
1344;19;0,077;0,48;0,99852;11,5;8;3,09;5;2,6;0,8;22;0,42
1345;3,2;0,063;0,24;0,99613;8,2;10;3,25;6;2,3;0,9;-25,2;0,44
1346;5,4;0,056;0,01;0,99472;6,1;5;3,52;5;2,1;0,7;1,3;0,59
1347;17,5;0,078;0,03;0,99587;7,2;7;3,34;5;1,8;0,7;13,2;0,655
1348;10,5;0,078;0,03;0,99587;7,2;7;3,34;5;1,8;0,2;-22,8;0,655
1349;7,8;0,081;0;0,99518;6,9;21;3,41;5;2,8;1,22;4,1;0,57
1350;16;0,069;0,29;0,99654;9;32;3,34;5;2;0,6;80,3;0,6
1351;14,8;0,065;0,01;0,99332;7,2;8;3,32;6;2,3;0,8;-41,4;0,62
1352;8,3;0,086;0,03;0,9969;7,6;14;3,37;5;1,9;0,76;62,7;0,645
1353;12,3;0,086;0,03;0,9969;7,6;14;3,37;5;1,9;0,5;-51,3;0,645
1354;6;0,077;0,03;0,99568;7,2;7;3,35;5;2,3;0,8;2,8;0,58
1355;5,1;0,086;0,25;0,99464;6,1;5;3,36;5;1,8;0,4;-60,8;0,32
1356;5,1;0,084;0,25;0,99464;6,1;4;3,36;5;1,8;0,94;2,8;0,34
1357;9,1;0,078;0,24;0,99648;7,3;27;3,6;6;2,5;1,09;73,7;0,43
1358;5,5;0,168;0,17;0,99736;7,4;52;3,28;5;5,4;0,7;-186,2;0,64
1359;16,03333333;0,091;0,4;0,99704;11,6;6;3,07;6;1,4;0,5;-53,2;0,475
1360;11,9;0,112;0,31;0,99699;9,2;11;3,24;5;2,3;0,76;3,8;0,54
1361;15,1;0,093;0,14;0,99724;8,3;13;3,36;5;2,5;0,64;5,4;0,85
1362;17,03333333;0,091;0,4;0,99704;11,6;6;3,07;6;1,4;0,25;-53,2;0,475
1363;10,8;0,08;0,27;0,99652;8;11;3,29;4;2;0,7;-56,7;0,83
1364;14,8;0,096;0,02;0,995;7,2;10;3,46;6;1,9;0,8;34,1;0,605
1365;8,5;0,115;0,09;0,9971;7,8;10;3,18;5;2,2;0,72;-37,8;0,5
1366;7,8;0,094;0,08;0,99576;7,3;10;3,24;5;1,7;1,1;49,5;0,74
1367;10,5;0,088;0,3;0,99725;6,9;9;3,25;6;2,2;1,08;115,5;0,54
1368;9,8;0,079;0,32;0,99656;8;16;3,27;6;2,1;0,3;-140,6;0,77
1369;7,4;0,069;0;0,99396;6,6;4;3,33;4;1,6;0,87;0,8;0,61
1370;2,2;0,415;0,51;0,99623;8,7;12;3;5;1,7;1,77;72,6;0,78
1371;3,6;0,153;0,56;0,99476;7,5;5;3,21;6;3,1;1,13;-26,6;0,58
1372;13,2;0,415;0,51;0,99623;8,7;12;3;5;1,7;1,47;72,6;0,78
1373;5,3;0,11;0,27;0,99664;7,7;34;3,24;5;3,8;0,2;-169,1;0,75
1374;9,8;0,267;0;0,99471;6,8;16;3,32;3;1,2;0,51;-55,1;0,815
1375;8,9;0,083;0,26;0,99586;7,2;13;3,26;5;2;0,62;-190;0,56
1376;6;0,086;0,2;0,9946;8,2;7;3,11;5;1,4;0,56;-27,9;0,885
1377;15,2;0,09;0,26;0,9953;5,2;23;3,71;6;2,3;1,02;-66,6;0,49
1378;7,9;0,078;0,15;0,99609;7,2;10;3,29;6;2;0,71;30,8;0,45
1379;7,8;0,077;0,02;0,99557;7,5;11;3,36;6;2,6;0,6;38,5;0,57
1380;16,8;0,077;0,02;0,99557;7,5;11;3,36;6;2,6;0,82;-66,5;0,57
1381;6,6;0,074;0,09;0,99534;6,8;4;3,38;5;1,8;0,35;-47,5;0,83
1382;3,9;0,08;0,22;0,99613;8;25;3,3;5;2,1;0,5;-199,5;0,6
1383;4,9;0,08;0,22;0,99613;8;25;3,3;5;2,1;0,99;10,5;0,6
1384;11,5;0,107;0,15;0,99593;7,1;20;3,19;5;1,8;0,8;-75,6;0,755
1385;11,2;0,076;0,25;0,99668;8;34;3,19;5;3,4;0,3;-161,5;0,81
1386;8,6;0,1;0,07;0,9961;7,4;8;3,3;5;1,8;1,08;-43,7;0,64
1387;10,6;0,1;0,07;0,9961;7,4;8;3,3;5;1,8;0,98;-43,7;0,64
1388;7,3;0,083;0,31;0,99718;6,6;7;3,35;5;6,1;0,98;53,9;0,64
1389;5,7;0,08;0,02;0,99524;6,7;36;3,1;5;2,2;1,03;11,1;0,48
1390;20,5;0,068;0;0,99292;6;15;3,58;6;2,3;0,99;3,3;0,49
1391;11;0,094;0,22;0,99612;8;5;3,37;5;2,4;0,58;-62,7;0,64
1392;3,8;0,07;0,06;0,9942;7,1;5;3,17;5;1,3;0,1;-22,8;0,62
1393;4,2;0,078;0,25;0,99612;8;19;3,3;5;2;0,4;64,9;0,52
1394;5,2;0,07;0,14;0,99669;6,4;27;3,32;5;3,9;0,8;-138,7;0,57
1395;10,55;0,092;0,1;0,99745;8,6;3;3,31;6;1,6;1,45;1,2;0,685
1396;7,55;0,09;0,1;0,99745;8,7;4;3,31;5;1,6;0,45;-9,9;0,675
1397;5,9;0,08;0,26;0,99584;7,3;17;3,28;5;2;0,5;-197,6;0,59
1398;11,2;0,083;0,12;0,9966;7;13;3,52;7;2,2;1,02;-25,2;0,6
1399;5,1;0,068;0;0,9956;7,2;10;3,42;6;2,2;0,82;2,4;0,67
1400;3,9;0,08;0,21;0,9962;7,9;33;3,25;5;2,1;0,6;-126,9;0,69
1401;7,9;0,08;0,21;0,9962;7,9;33;3,25;5;2,1;1,01;14,1;0,69
1402;15,9;0,052;0,42;0,9963;7,6;6;3,44;6;2;1,12;26,4;0,3
1403;4;0,061;0,33;0,996;7,2;3;3,23;8;1,7;1,2;14,3;0,33
1404;11,7;0,082;0,39;0,9985;8;12;3,43;6;2,6;0,2;50,6;0,5
1405;10,3;0,062;0,3;0,9952;7,7;18;3,28;7;2;1,2;-30,6;0,28
1406;8,9;0,062;0,34;0,9974;8,2;8;3,22;6;5,1;0,94;2,2;0,24
1407;13,7;0,064;0;0,995;6;40;3,54;6;2,1;0,53;-48,6;0,51
1408;13,4;0,048;0,36;0,995;8,1;35;3,27;7;2,2;0,41;58,3;0,29
1409;13,7;0,064;0;0,995;6;40;3,54;6;2,1;0,93;-48,6;0,51
1410;15,9;0,082;0;0,9936;6,6;5;3,5;6;1,8;0,44;-14,4;0,96
1411;7,6;0,071;0,4;0,9963;6,4;8;3,56;6;2,4;0,9;-17,1;0,47
1412;9,9;0,062;0,34;0,9974;8,2;8;3,22;6;5,1;1,74;-41,8;0,24
1413;16,1;0,104;0,25;0,9963;9,9;12;3,04;5;2;0,3;-169,1;0,57
1414;12,6;0,077;0,59;0,9994;10;3;3,2;5;2,2;0,48;-28,5;0,32
1415;12,4;0,065;0;0,9966;6,2;8;3,56;5;1,6;0,64;-34,2;0,58
1416;5,6;0,077;0,59;0,9994;10;3;3,2;5;2,2;0,1;-28,5;0,32
1417;11,1;0,064;0,33;0,9952;7,3;21;3,35;7;2,5;1,27;-33,3;0,34
1418;6,8;0,077;0,01;0,995;7,8;3;3,16;5;1,6;0,66;1,9;0,53
1419;17,9;0,077;0,21;0,9956;7,7;32;3,27;5;2,2;0,2;-119,7;0,64
1420;14,8;0,077;0,01;0,995;7,8;3;3,16;5;1,6;0,5;-36,1;0,53
1421;7,4;0,079;0,18;0,9965;7,5;24;3,34;5;1,6;1,18;-52,2;0,4
1422;7,4;0,079;0;0,9956;7;39;3,39;6;2,1;0,54;60,5;0,54
1423;13;0,123;0,09;0,9968;6,4;14;3,5;4;3,9;0,67;-27,9;0,53
1424;9,6;0,076;0,37;0,9974;8,3;8;3,26;6;1,4;0,6;-20,7;0,26
1425;3,6;0,076;0,37;0,9974;8,3;8;3,26;6;1,4;1,1;-20,7;0,26
1426;16,1;0,046;0,37;0,9971;7,7;23;3,41;6;1,8;0,61;66;0,23
1427;4,2;0,078;0,33;0,9957;7,6;6;3,3;5;2,5;0,68;2,3;0,41
1428;8;0,072;0;0,9962;7,8;27;3,31;5;1,9;0,43;-104,5;0,64
1429;9,3;0,049;0,4;0,996;7,9;38;3,33;5;2,2;0,83;73,7;0,18
1430;12,4;0,066;0,24;0,9956;7,4;18;3,37;5;1,8;0,2;-89,3;0,41
1431;11,9;0,069;0,31;0,9958;7,6;13;3,26;6;2,1;0,9;81,4;0,43
1432;19,7;0,042;0;0,9944;5,9;3;3,48;6;1,6;1,35;12,1;0,44
1433;11,1;0,069;0,16;0,9955;6,1;11;3,42;7;1,8;1,14;27,5;0,4
1434;11;0,214;0,37;1,00369;10,2;55;3,18;6;15,4;0,37;9,5;0,54
1435;7;0,214;0,37;1,00369;10,2;55;3,18;6;15,4;0,7;-180,5;0,54
1436;2,5;0,169;0,38;0,99914;10;27;3,15;5;1,6;0,9;-171;0,38
1437;8,1;0,07;0,29;0,99577;6,8;15;3,53;5;4,8;1,34;-35,1;0,915
1438;10,3;0,052;0;0,996;7;3;3,41;5;1,7;0,67;8,8;0,59
1439;16,06666667;0,072;0,02;0,99566;7,3;31;3,32;6;2,2;0,68;-82,8;0,67
1440;16,3;0,062;0,32;0,9947;7,2;15;3,23;7;2;0,23;30,8;0,37
1441;4,566666667;0,094;0,19;0,99713;7,4;19;3,16;6;5,2;0,5;-88,2;0,785
1442;8,8;0,078;0,02;0,99712;6,9;18;3,4;5;1,9;0,45;33;0,63
1443;7,7;0,058;0,2;0,99322;6,9;8;3,38;5;1,75;0,8;-19,8;0,58
1444;16,1;0,072;0,02;0,99566;7,3;31;3,32;6;2,2;0,2;101,2;0,67
1445;3,6;0,094;0,19;0,99713;7,4;19;3,16;6;5,2;1,12;-186,2;0,785
1446;4,8;0,078;0,02;0,99712;6,9;18;3,4;5;1,9;0,35;33;0,63
1447;15,7;0,08;0;0,99701;6,8;22;3,4;5;1,9;0,54;3,9;0,67
1448;6,7;0,08;0,01;0,99683;6,9;40;3,4;5;1,9;0,23;59,4;0,58
1449;19,3;0,056;0,31;0,99472;7,2;15;3,23;8;2;0,76;31,9;0,38
1450;12,3;0,062;0,32;0,9947;7,2;15;3,23;7;2;0,53;2,8;0,37
1451;7;0,104;0,44;0,99732;7,8;8;3,33;7;2,7;0,58;-32,3;0,32
1452;18,6;0,062;0,02;0,99374;6,6;37;3,35;7;2;0,86;5,3;0,58
1453;10;0,074;0,33;0,99706;7,6;27;3,41;5;1,9;1,28;93,5;0,49
1454;16,9;0,073;0,63;0,99974;11,7;7;3,21;6;2,2;1,09;-20,7;0,45
1455;11,9;0,052;0;0,99467;6,5;9;3,5;6;1,6;1,33;18,7;0,9
1456;10,55;0,05;0,06;0,99236;6;38;3,3;6;1,8;0,7;-80,1;0,54
1457;11;0,074;0,33;0,99706;7,6;27;3,41;5;1,9;0,38;-161,5;0,49
1458;7,5;0,067;0,4;0,99603;8,4;8;3,39;5;1,7;1;-18;0,29
1459;8,9;0,054;0,35;0,99458;7,9;7;3,32;7;1,7;0,9;-13,5;0,2
1460;11,4;0,054;0,09;0,99724;6,4;34;3,41;6;2,3;0,7;6,4;0,42
1461;10;0,06;0;0,99664;6,2;6;3,59;4;2,1;0,61;1,3;0,785
1462;7,4;0,075;0,03;0,99545;6,8;14;3,36;6;2,3;0,48;-27,9;0,64
1463;7,8;0,076;0,01;0,99522;6,9;14;3,34;6;2,4;0,23;-74,1;0,63
1464;5,7;0,063;0,1;0,9958;6,8;34;3,41;5;1,7;0,47;-100,7;0,59
1465;10,7;0,063;0,1;0,9958;6,8;34;3,41;5;1,7;0,57;-100,7;0,59
1466;2;0,062;0,32;0,99728;7,3;31;3,3;7;2,1;0,55;-102,6;0,48
1467;15;0,067;0,08;0,99648;6,7;19;3,52;4;2,3;0,6;-60,8;1,04
1468;5;0,062;0,32;0,99728;7,3;31;3,3;7;2,1;1,15;59,4;0,48
1469;14,7;0,061;0,05;0,99705;7,3;20;3,31;3;2,1;0,1;-44,1;0,98
1470;2,7;0,084;0,11;0,99578;10;8;2,88;5;1,4;0,57;2,4;0,69
1471;14,6;0,067;0,08;0,99334;6,7;8;3,43;5;3,75;0,92;1,6;0,7
1472;11,1;0,073;0,6;0,99656;7,6;23;3,38;6;2,6;1,29;48,4;0,35
1473;15;0,071;0,08;0,99336;6,1;14;3,38;5;1,8;1,04;-40,5;0,6
1474;12,8;0,205;0,5;1,00242;9,9;48;3,16;5;13,8;0,85;-155,8;0,5
1475;20,56666667;0,048;0,11;0,99182;5,3;16;3,54;7;2,2;1,48;97,9;0,47
1476;6,8;0,205;0,5;1,00242;9,9;48;3,16;5;13,8;1,25;90,2;0,5
1477;15,6;0,048;0,11;0,99182;5,3;16;3,54;7;2,2;0,68;-169,1;0,47
1478;12,2;0,082;0,05;0,99808;7,1;3;3,4;3;5,7;0,5;-12,6;0,875
1479;15,6;0,104;0,6;0,99828;8,2;10;3,39;5;3;1,08;24,2;0,28
1480;7,1;0,08;0,03;0,99498;5,6;6;3,66;4;1,5;1,12;-11,7;0,62
1481;6,6;0,104;0,6;0,99828;8,2;10;3,39;5;3;0,6;-41,8;0,28
1482;11,3;0,114;0,54;0,99719;7,2;3;3,33;4;2,1;0,67;-17,1;0,58
1483;6,7;0,042;0,44;0,99542;8,1;6;3,35;5;1,5;0,81;13,2;0,33
1484;6,9;0,06;0,06;0,99592;6,8;4;3,53;4;2;0,64;-9,9;0,91
1485;3,7;0,074;0,16;0,99606;7;8;3,37;5;2,1;0,5;2,5;0,655
1486;9,3;0,07;0,21;0,99546;6,8;9;3,38;5;2,1;0,1;-43,7;0,68
1487;8,6;0,066;0,05;0,99496;6;9;3,52;5;1,9;1,48;-32,3;0,64
1488;15,4;0,049;0,04;0,9942;5,6;5;3,72;5;1,7;0,3;-24,7;0,54
1489;10,8;0,048;0,1;0,99448;6,2;4;3,44;6;2,1;0,3;-9,9;0,57
1490;12,4;0,039;0,49;0,99344;7,1;8;3,39;6;1,8;0,56;19,8;0,22
1491;14,4;0,049;0,04;0,9942;5,6;5;3,72;5;1,7;0,2;-24,7;0,54
1492;16,95;0,05;0,06;0,99348;6,2;6;3,57;5;1,6;0,1;19,8;0,65
1493;5,7;0,089;0,26;0,99636;7,7;23;3,26;5;1,9;1,09;-279,3;0,54
1494;11;0,066;0,09;0,99459;6,4;15;3,42;7;1,4;0,3;30,8;0,31
1495;8,6;0,08;0,02;0,99492;7;15;3,35;6;1,9;1,01;2,8;0,43
1496;8,7;0,089;0,26;0,99636;7,7;23;3,26;5;1,9;0,89;161,7;0,54
1497;14,5;0,054;0,03;0,99508;6,9;7;3,45;6;2,3;0,63;-14,4;0,74
1498;5,8;0,068;0,04;0,99582;6,6;7;3,53;6;2,3;0,68;-11,7;0,895
1499;13,5;0,054;0,03;0,99508;6,9;7;3,45;6;2,3;1,23;1,6;0,74
1500;4,6;0,076;0,04;0,99508;7,5;8;3,26;5;1,5;0,5;-13,5;0,725
1501;9,4;0,083;0,29;0,99642;7,8;21;3,16;5;4,3;0,63;6,4;0,82
1502;2,8;0,078;0,18;0,99638;7,3;15;3,31;5;2,4;0,44;-114;0,585
1503;17;0,077;0,39;0,99555;6,2;6;3,51;6;2,5;0,5;-26,6;0,44
1504;12,4;0,106;0,57;0,99605;7,5;5;3,36;6;2,3;1,05;1,2;0,38
1505;6,95;0,078;0,02;0,996;6,7;6;3,55;3;1,8;0,9;1,2;0,76
1506;12,8;0,07;0,05;0,99562;6,8;6;3,51;6;2;1,36;15,4;0,81
1507;15,4;0,106;0,57;0,99605;7,5;5;3,36;6;2,3;0,35;-10,8;0,38
1508;11,6;0,074;0,6;0,99814;7,1;17;3,38;6;2,1;0,52;-47,5;0,27
1509;7,1;0,062;0,4;0,9941;7,9;7;3,28;5;1,8;0,9;-18;0,18
1510;9,7;0,047;0,21;0,99661;6,4;26;3,47;6;2,2;0,5;4,8;0,36
1511;4,8;0,068;0,04;0,99712;7,1;19;3,44;5;2,1;0,7;29,7;0,69
1512;14,4;0,061;0,04;0,99588;6,4;11;3,53;6;2,2;0,55;18,7;0,79
1513;14,5;0,078;0,15;0,99294;6,4;17;3,33;6;1,8;0,8;6,5;0,56
1514;14,23333333;0,074;0,21;0,99842;6,9;16;3,53;6;4,1;0,4;-123,5;0,84
1515;6,25;0,074;0,21;0,99842;6,9;16;3,53;6;4,1;0,42;-123,5;0,84
1516;10,6;0,071;0,25;0,99633;6,1;23;3,42;5;2,3;0,87;-110,2;0,32
1517;11,3;0,063;0,06;0,99489;6,5;29;3,38;6;2;0,8;-83,6;0,53
1518;6,5;0,114;0,46;0,99647;7,4;7;3,32;5;2,2;0,93;22;0,47
1519;15,2;0,106;0,08;0,99665;6,6;14;3,44;5;2,6;0,88;-24,3;0,7
1520;12,3;0,063;0,06;0,99489;6,5;29;3,38;6;2;0,6;4,4;0,53
1521;11,05;0,082;0,2;0,99585;6,9;9;3,39;4;1,9;0,8;-43,7;0,48
1522;11,6;0,071;0,25;0,99633;6,1;23;3,42;5;2,3;1,07;63,8;0,32
1523;17,4;0,076;0,25;0,9953;6,8;29;3,34;5;2;0,7;-54,9;0,48
1524;10;0,075;0,19;0,99522;6;22;3,39;6;2;0,2;-89,3;0,42
1525;12,7;0,064;0,08;0,99552;6,7;18;3,33;5;2,1;1,14;3,4;0,48
1526;10,6;0,064;0,08;0,99553;6,8;18;3,3;6;2,2;0,15;41,8;0,47
1527;15,8;0,071;0,07;0,9951;7,1;15;3,29;6;1,7;0,66;2,4;0,53
1528;13,1;0,096;0,49;0,99714;7,9;21;3,31;6;2,2;0,87;-53,1;0,29
1529;10,2;0,063;0,08;0,99608;7,1;42;3,42;6;2,1;0,1;5,2;0,69
1530;18,3;0,063;0,09;0,99444;6,6;9;3,42;6;2,2;0,6;-16,2;0,44
1531;3,2;0,081;0,1;0,99631;6,1;13;3,6;5;2,8;1,16;-25,2;0,705
1532;1,9;0,058;0,13;0,99573;7,2;18;3,21;6;2;0,88;-19,8;0,53
1533;11;0,074;0,3;0,99717;8;32;3,39;5;1,9;0,81;92,4;0,39
1534;18,7;0,064;0,14;0,99397;6,6;13;3,42;7;2,4;0,9;31,9;0,56
1535;14,7;0,075;0,13;0,9959;7;15;3,36;6;2,2;0,89;38,5;0,55
1536;7,3;0,077;0,08;0,99528;6,1;24;3,6;6;1,9;0,3;-85,5;0,53
1537;15,2;0,059;0,08;0,99484;5,4;20;3,5;6;1,9;0,4;34,1;0,58
1538;19;0,081;0,09;0,99538;6,2;15;3,57;5;2,5;0,63;2,6;0,64
1539;8,9;0,065;0,32;0,99714;7,2;34;3,46;5;1,8;1,28;66;0,39
1540;10,6;0,071;0,08;0,99646;6,2;11;3,56;6;4,4;0,73;35,2;0,52
1541;16,9;0,054;0,29;0,99666;7,4;19;3,4;7;2,2;0,86;-44,1;0,25
1542;13,75;0,064;0,02;0,99472;6,7;29;3,3;6;1,9;0,4;-72,2;0,855
1543;5,4;0,064;0,42;0,99758;11,1;14;3,25;6;2,2;1,17;-17,1;0,44
1544;17,2;0,063;0,43;0,9955;8,4;12;3,17;7;2,3;0,51;20,9;0,37
1545;11,1;0,059;0,33;0,99531;6,5;16;3,36;6;1,8;0,94;2,8;0,63
1546;12,2;0,072;0,02;0,99575;7;17;3,36;5;2;0,51;-23,4;0,57
1547;12,1;0,048;0,1;0,99306;6,3;12;3,55;5;1,6;0,91;2,6;0,6
1548;12,4;0,099;0,5;0,99783;11,2;19;3,1;5;2;0,3;5;0,4
1549;9,4;0,074;0,3;0,99419;7,4;17;3,24;8;1,8;0,5;26,4;0,36
1550;8,5;0,087;0;0,99783;7,1;17;3,45;5;2,3;1,23;2,6;0,68
1551;9,4;0,083;0;0,99768;7,1;18;3,44;5;2,3;0,64;2,7;0,67
1552;10,3;0,103;0,01;0,99586;6,3;32;3,51;6;3,7;0,4;59,4;0,68
1553;15,4;0,08;0;0,99765;7,3;18;3,41;5;2,2;0,7;-25,2;0,735
1554;8;0,062;0,02;0,99627;6,6;15;3,54;6;2,4;0,4;-20,7;0,855
1555;3,55;0,065;0,17;0,99514;7;15;3,44;7;1,7;0,98;-21,6;0,56
1556;10,9;0,066;0,04;0,99636;6,6;12;3,53;5;2,2;0,56;2;0,88
1557;3;0,062;0,02;0,99627;6,6;15;3,54;6;2,4;0,9;-20,7;0,855
1558;10,5;0,235;0,33;0,99787;6,9;66;3,22;5;6,7;0,36;126,5;0,63
1559;8,9;0,08;0,26;0,99622;7,8;31;3,21;5;2;0,42;-117,9;0,6
1560;2,9;0,08;0,26;0,99622;7,8;31;3,21;5;2;0,92;-248,9;0,6
1561;8,9;0,08;0,26;0,99622;7,8;31;3,21;5;2;0,52;144,1;0,6
1562;8,1;0,076;0,13;0,99546;7,2;12;3,29;5;2;0,3;2;0,695
1563;12,1;0,076;0,13;0,99546;7,2;12;3,29;5;2;0,8;-38;0,695
1564;12,1;0,076;0,13;0,99546;7,2;12;3,29;5;2;0,84;2;0,695
1565;8,9;0,061;0,02;0,99489;6,7;26;3,39;6;1,9;1,12;4,2;0,67
1566;6,2;0,059;0,64;0,99494;6,7;24;3,34;6;2,1;0,51;57,2;0,16
1567;7,1;0,076;0,13;0,99546;7,2;12;3,29;5;2;0,54;2;0,695
1568;13,2;0,077;0,13;0,99629;7;25;3,34;5;1,6;0,2;-79,8;0,56
1569;6,5;0,056;0,14;0,99396;6,2;15;3,48;6;1,9;0,57;37,4;0,51
1570;14,4;0,23;0,53;0,9934;6,4;19;3,37;6;2,2;1,53;-31,5;0,36
1571;13,1;0,038;0,14;0,99514;6,4;15;3,44;6;2,2;0,2;-22,5;0,38
1572;14,5;0,069;0,32;0,99632;7,3;35;3,33;5;2,2;0,81;-93,6;0,69
1573;11,5;0,075;0,2;0,99467;6;15;3,58;6;2,4;0,9;-95;0,58
1574;15,5;0,074;0,78;0,99677;5,6;23;3,39;6;13,9;0,5;101,2;0,31
1575;12,8;0,06;0,4;0,99474;7,5;12;3,26;6;2,2;0,54;-18;0,52
1576;15,8;0,081;0,63;0,99588;8;16;3,3;6;1,6;0,88;-55,1;0,3
1577;16,9;0,076;0,15;0,99622;6,2;13;3,54;6;5,1;0,4;2,7;0,7
1578;12,3;0,118;0,15;0,9954;6,8;13;3,42;6;1,8;0,6;2;0,67
1579;14,3;0,053;0,09;0,99402;6,2;24;3,54;5;1,7;0,8;35,2;0,56
1580;12,9;0,068;0,33;0,9947;7,4;9;3,36;6;2,4;0,5;-49,4;0,35
1581;3,3;0,053;0,09;0,99402;6,2;24;3,54;5;1,7;0,7;35,2;0,56
1582;15,9;0,053;0,1;0,99362;6,1;13;3,57;5;2,6;0,5;-51,3;0,715
1583;7,8;0,074;0,29;0,99578;6,2;32;3,33;5;2,1;0,4;9,8;0,46
1584;14,6;0,061;0,44;0,99484;6,7;24;3,29;7;2,4;0,7;37,4;0,32
1585;12,5;0,066;0,44;0,99494;7,2;22;3,3;6;2,6;0,4;-43,2;0,39
1586;8,4;0,065;0,41;0,99492;7,5;34;3,34;6;2,4;1,05;-114;0,31
1587;4,9;0,066;0,11;0,99483;5,8;18;3,55;6;1,8;0,9;-25,2;0,61
1588;14,8;0,068;0,33;0,99414;7,2;34;3,27;6;2,5;0,1;10,2;0,66
1589;8,2;0,073;0,2;0,9977;6,6;29;3,29;5;7,8;0,8;7,9;0,725
1590;9,6;0,077;0,15;0,99314;6,3;26;3,32;6;1,8;0,8;-31,5;0,55
1591;10,6;0,089;0,09;0,99402;5,4;16;3,67;6;1,7;0,66;28,6;0,74
1592;14;0,076;0,13;0,99574;6,3;29;3,42;6;2,3;0,95;-76;0,51
1593;6,5;0,068;0,08;0,99651;6,8;28;3,42;6;1,9;0,92;3,8;0,62
1594;11,5;0,09;0,08;0,9949;6,2;32;3,45;5;2;0,3;-83,6;0,6
1595;14,2;0,062;0,1;0,99512;5,9;39;3,52;6;2,2;0,7;-96,9;0,55
1596;14;0,076;0,13;0,99574;6,3;29;3,42;6;2,3;0,55;44;0,51
1597;11,2;0,075;0,12;0,99547;5,9;32;3,57;5;2;0,2;-39,6;0,645
1598;9;0,067;0,47;0,99549;6;18;3,39;6;3,6;0,3;-79,8;0,31
